,Indeks,Name,Ticker
0,MWIG40,COMARCH,CMR
1,MWIG40,MERCATOR,MRC
2,MWIG40,DATAWALK,DAT
3,MWIG40,HANDLOWY,BHW
4,MWIG40,AMICA,AMC
5,MWIG40,ENERGA,ENG
6,MWIG40,MABION,MAB
7,MWIG40,KRUK,KRU
8,MWIG40,LIVECHAT,LVC
9,MWIG40,AMREST,EAT
10,MWIG40,BENEFIT,BFT
11,MWIG40,GTC,GTC
12,MWIG40,ECHO,ECH
13,MWIG40,MILLENNIUM,MIL
14,MWIG40,FAMUR,FMF
15,MWIG40,DEVELIA,DVL
16,MWIG40,PLAYWAY,PLW
17,MWIG40,GRUPAAZOTY,ATT
18,MWIG40,EUROCASH,EUR
19,MWIG40,NEUCA,NEU
20,MWIG40,KERNEL,KER
21,MWIG40,INTERCARS,CAR
22,MWIG40,BUDIMEX,BDX
23,MWIG40,ENEA,ENA
24,MWIG40,GPW,GPW
25,MWIG40,CIECH,CIE
26,MWIG40,BIOMEDLUB,BML
27,MWIG40,11BIT,11B
28,MWIG40,ASSECOPOL,ACP
29,MWIG40,BNPPPL,BNP
30,MWIG40,KETY,KTY
31,MWIG40,VRG,VRG
32,MWIG40,DOMDEV,DOM
33,MWIG40,TSGAMES,TEN
34,MWIG40,WIRTUALNA,WPL
35,MWIG40,INGBSK,ING
36,MWIG40,ASSECOSEE,ASE
37,MWIG40,CLNPHARMA,CLN
38,MWIG40,XTB,XTB
39,MWIG40,PKPCARGO,PKP
40,NCINDEX,UHYECA,ECA
41,NCINDEX,CREEPYJAR,CRJ
42,NCINDEX,FTIPROFIT,FTI
43,NCINDEX,HEMP,HMP
44,NCINDEX,GENOMED,GEN
45,NCINDEX,FOTOVOLT,FVE
46,NCINDEX,BIOMAXIMA,BMX
47,NCINDEX,EUROSNACK,ECK
48,NCINDEX,EONET,EON
49,NCINDEX,2INTELLECT,2IT
50,NCINDEX,MEDCAMP,MDP
51,NCINDEX,AQUATECH,AQT
52,NCINDEX,AFHOL,AFH
53,NCINDEX,FABRYKAKD,FKD
54,NCINDEX,QUARTICON,QO
55,NCINDEX,TELESTR,TLS
56,NCINDEX,PARTNER,PRN
57,NCINDEX,LETUS,LET
58,NCINDEX,DDISTANCE,DDI
59,NCINDEX,SONKA,SOK
60,NCINDEX,AKCEPTFIN,AFC
61,NCINDEX,TERMO2PWR,T2P
62,NCINDEX,AQUABB,AQU
63,NCINDEX,MOVIEGAMES,MOV
64,NCINDEX,ATCCARGO,ATA
65,NCINDEX,GREMPCO,GRM
66,NCINDEX,GENRG,GNG
67,NCINDEX,OVIDWORKS,OVI
68,NCINDEX,TELGAM,TLG
69,NCINDEX,ALUMAST,ALU
70,NCINDEX,PRYMUS,PRS
71,NCINDEX,DANKS,DNS
72,NCINDEX,FALCON,ESC
73,NCINDEX,PBGAMES,PBT
74,NCINDEX,GENXONE,GX1
75,NCINDEX,STANDREW,STD
76,NCINDEX,POINTPACK,PNT
77,NCINDEX,NFPL,NFP
78,NCINDEX,MERA,MER
79,NCINDEX,CCS,CCS
80,NCINDEX,ADATEX,ADX
81,NCINDEX,GRMEDIA,GME
82,NCINDEX,MPLVERBUM,VER
83,NCINDEX,PARCELTEC,PTE
84,NCINDEX,CIASTZKRA,CZK
85,NCINDEX,REDDEV,RDS
86,NCINDEX,READGENE,RDG
87,NCINDEX,JRHOLDING,JRH
88,NCINDEX,KLABATER,KBT
89,NCINDEX,STARWARD,STA
90,NCINDEX,FOREVEREN,FOR
91,NCINDEX,LGTRADE,LGT
92,NCINDEX,MEDINICE,ICE
93,NCINDEX,KORBANK,KOR
94,NCINDEX,MBFGROUP,MBF
95,NCINDEX,AZTEC,AZC
96,NCINDEX,ABSINVEST,AIN
97,NCINDEX,GRUPAREC,GRC
98,NCINDEX,BITEVIL,BIT
99,NCINDEX,BIOERG,BER
100,NCINDEX,MAKOLAB,MLB
101,NCINDEX,MALKOWSKI,MMA
102,NCINDEX,NGGAMES,NGG
103,NCINDEX,INNOGENE,IGN
104,NCINDEX,POLTRONIC,PTN
105,NCINDEX,MADKOM,MAD
106,NCINDEX,EMTASIA,EMA
107,NCINDEX,ECCGAMES,ECC
108,NCINDEX,LUG,LUG
109,NCINDEX,CASPAR,CSR
110,NCINDEX,BORUTA,BRU
111,NCINDEX,DEVORAN,DEV
112,NCINDEX,MODE,MOE
113,NCINDEX,COPERNIC,CRS
114,NCINDEX,REMORSOL,RSP
115,NCINDEX,POLMAN,PLM
116,NCINDEX,EFENERGII,EFE
117,NCINDEX,MENNICASK,MNS
118,NCINDEX,NWAI,NWA
119,NCINDEX,IMAGIS,IMG
120,NCINDEX,DBENERGY,DBE
121,NCINDEX,APS,APS
122,NCINDEX,NOVAVIS,NVV
123,NCINDEX,H4F,H4F
124,NCINDEX,EKOPARK,EPR
125,NCINDEX,IGORIA,IGT
126,NCINDEX,GOLAB,GOL
127,NCINDEX,CFSA,CFS
128,NCINDEX,JWA,JWA
129,NCINDEX,PYRAMID,PDG
130,NCINDEX,SOFTBLUE,SBE
131,NCINDEX,ONEMORE,OML
132,NCINDEX,FIGENE,FIG
133,NCINDEX,4MASS,4MS
134,NCINDEX,PHOTON,PEN
135,NCINDEX,BLOOBER,BLO
136,NCINDEX,JUJUBEE,JJB
137,NCINDEX,KBJ,KBJ
138,NCINDEX,BETOMAX,BTX
139,NCINDEX,PLANTWEAR,PNW
140,NCINDEX,BIOMASS,BEP
141,NCINDEX,EKOBOX,EBX
142,NCINDEX,EMUZYKA,EMU
143,NCINDEX,BLACKPOIN,BPN
144,NCINDEX,ACREBIT,ACR
145,NCINDEX,MEDAPP,MDA
146,NCINDEX,KANCELWEC,KPI
147,NCINDEX,CLOUD,CLD
148,NCINDEX,BRAND24,B24
149,NCINDEX,PASSUS,PAS
150,NCINDEX,POLYSLASH,PSH
151,NCINDEX,OXYGEN,PMF
152,NCINDEX,KLON,KLN
153,NCINDEX,COMECO,CMC
154,NCINDEX,POLARISIT,PIT
155,NCINDEX,INVENTION,AVC
156,NCINDEX,BLKCHNLAB,BTC
157,NCINDEX,SFD,SFD
158,NCINDEX,ACKERMAN,ACK
159,NCINDEX,01CYBATON,01C
160,NCINDEX,HURTIMEX,HRT
161,NCINDEX,BBINWEST,BBA
162,NCINDEX,MILKPOL,MLP
163,NCINDEX,BIZTECH,BTK
164,NCINDEX,CANNABIS,CBD
165,NCINDEX,KUPIEC,KPC
166,NCINDEX,SIMFABRIC,SIM
167,NCINDEX,AITON,AIT
168,NCINDEX,SUNTECH,SUN
169,NCINDEX,MEDIANPOL,MDN
170,NCINDEX,INTERNITY,INT
171,NCINDEX,BIOPLANET,BIP
172,NCINDEX,DEKTRA,DKR
173,NCINDEX,ARTP,TYP
174,NCINDEX,PURE,PUR
175,NCINDEX,BPX,BPX
176,NCINDEX,COLUMBUS,CLC
177,NCINDEX,CARPATHIA,CRC
178,NCINDEX,PROLOG,PRL
179,NCINDEX,VERBICOM,VRB
180,NCINDEX,ISIAG,ISG
181,NCINDEX,SHOCKWORK,SWK
182,NCINDEX,NOTORIA,NTS
183,NCINDEX,STEMCELLS,SCS
184,NCINDEX,TLTENNIS,TLT
185,NCINDEX,SCPFL,SCP
186,NCINDEX,BPC,BPC
187,NCINDEX,INTELIWIS,ITL
188,NCINDEX,CMI,CMI
189,NCINDEX,NEPTIS,YAN
190,NCINDEX,WODKAN,WOD
191,NCINDEX,UNITED,UTD
192,NCINDEX,WIERZYCL,WRL
193,NCINDEX,INBOOK,INB
194,NCINDEX,ARTGAMES,ARG
195,NCINDEX,MOONLIT,MLT
196,NCINDEX,SWALLET,SWT
197,NCINDEX,QUBICGMS,QUB
198,NCINDEX,EC2,EC2
199,NCINDEX,PRESENT24,P24
200,NCINDEX,PLATIGE,PLI
201,NCINDEX,TECHINVGR,TIG
202,NCINDEX,MFOOD,MFD
203,NCINDEX,FARM51,F51
204,NCINDEX,AGROLIGA,AGL
205,NCINDEX,MAXIPIZZA,MXP
206,NCINDEX,DOOK,DOK
207,NCINDEX,TELIANI,TLV
208,NCINDEX,ASTRO,ASR
209,NCINDEX,BVT,BVT
210,NCINDEX,GEOTRANS,GTS
211,NCINDEX,EKOPOL,EGH
212,NCINDEX,VARSAV,VAR
213,NCINDEX,FINVENTUR,FIV
214,NCINDEX,BERGHOLDI,BRH
215,NCINDEX,7FIT,TRC
216,NCINDEX,EXAMOBILE,EXA
217,NCINDEX,CARLSON,CAI
218,NCINDEX,GALVO,GAL
219,NCINDEX,ADVERTIGO,AVE
220,NCINDEX,SFERANET,SFN
221,NCINDEX,BLUMERANG,BLU
222,NCINDEX,HORTICO,HOR
223,NCINDEX,THEDUST,THD
224,NCINDEX,PYLON,PYL
225,NCINDEX,DIGITAL,DGL
226,NCINDEX,INVESTEKO,IVE
227,NCINDEX,FHDOM,FHD
228,NCINDEX,CARBONSTU,CRB
229,NCINDEX,AUXILIA,AUX
230,NCINDEX,DRAGEUS,DRG
231,NCINDEX,ANALIZY,AOL
232,NCINDEX,HORNIGOLD,HRL
233,NCINDEX,EKIOSK,EKS
234,NCINDEX,CHERRY,CHP
235,NCINDEX,SEVENET,SEV
236,NCINDEX,TELEMEDPL,TMP
237,NCINDEX,ROBINSON,RBS
238,NCINDEX,CORELENS,COR
239,NCINDEX,PTWP,PTW
240,NCINDEX,PLANETB2B,P2B
241,NCINDEX,AALLIANCE,AAS
242,NCINDEX,CFG,CFG
243,NCINDEX,CENTURION,CTF
244,NCINDEX,BRAS,BSA
245,NCINDEX,INFOSCAN,IST
246,SWIG80,BOOMBIT,BBT
247,SWIG80,VIGOSYS,VGO
248,SWIG80,SNIEZKA,SKA
249,SWIG80,ZEPAK,ZEP
250,SWIG80,AMBRA,AMB
251,SWIG80,WORKSERV,WSE
252,SWIG80,LENTEX,LTX
253,SWIG80,SELVITA,SLV
254,SWIG80,ATMGRUPA,ATG
255,SWIG80,BOS,BOS
256,SWIG80,TRAKCJA,TRK
257,SWIG80,ACAUTOGAZ,ACG
258,SWIG80,UNIMOT,UNT
259,SWIG80,AUTOPARTN,APR
260,SWIG80,ASBIS,ASB
261,SWIG80,WIELTON,WLT
262,SWIG80,AGORA,AGO
263,SWIG80,INTERAOLT,IRL
264,SWIG80,ARCTIC,ATC
265,SWIG80,DEBICA,DBC
266,SWIG80,AIRWAY,AWM
267,SWIG80,INSTALKRK,INK
268,SWIG80,CPGROUP,CPG
269,SWIG80,LUBAWA,LBW
270,SWIG80,RYVU,RVU
271,SWIG80,FORTE,FTE
272,SWIG80,NEWAG,NWG
273,SWIG80,MCI,MCI
274,SWIG80,MLSYSTEM,MLS
275,SWIG80,STALPROD,STP
276,SWIG80,EKOEXPORT,EEX
277,SWIG80,NETIA,NET
278,SWIG80,GLCOSMED,GLC
279,SWIG80,INC,INC
280,SWIG80,ARCHICOM,ARH
281,SWIG80,MENNICA,MNC
282,SWIG80,ABPL,ABE
283,SWIG80,VOXEL,VOX
284,SWIG80,ENTER,ENT
285,SWIG80,PCCROKITA,PCR
286,SWIG80,POLIMEXMS,PXM
287,SWIG80,OAT,OAT
288,SWIG80,ATAL,1AT
289,SWIG80,GETINOBLE,GNB
290,SWIG80,PGSSOFT,PSW
291,SWIG80,TIM,TIM
292,SWIG80,ALUMETAL,AML
293,SWIG80,PHN,PHN
294,SWIG80,MIRBUD,MRB
295,SWIG80,BOGDANKA,LWB
296,SWIG80,MEDICALG,MDG
297,SWIG80,PBKM,BKM
298,SWIG80,POLICE,PCE
299,SWIG80,OPONEO.PL,OPN
300,SWIG80,GRODNO,GRN
301,SWIG80,FERRO,FRO
302,SWIG80,RAINBOW,RBW
303,SWIG80,MLPGROUP,MLG
304,SWIG80,BORYSZEW,BRS
305,SWIG80,STALEXP,STX
306,SWIG80,R22,R22
307,SWIG80,CORMAY,CRM
308,SWIG80,BIOTON,BIO
309,SWIG80,APATOR,APT
310,SWIG80,HARPER,HRP
311,SWIG80,IDEABANK,IDA
312,SWIG80,GETIN,GTN
313,SWIG80,TORPOL,TOR
314,SWIG80,KRUSZWICA,KSW
315,SWIG80,SANOK,SNK
316,SWIG80,KOGENERA,KGN
317,SWIG80,ASSECOBS,ABS
318,SWIG80,PEP,PEP
319,SWIG80,TOYA,TOA
320,SWIG80,ASTARTA,AST
321,SWIG80,WAWEL,WWL
322,SWIG80,COMP,CMP
323,SWIG80,PEKABEX,PBX
324,SWIG80,ULTGAMES,ULG
325,SWIG80,CIGAMES,CIG
326,WIG_BANKI,MILLENNIUM,MIL
327,WIG_BANKI,HANDLOWY,BHW
328,WIG_BANKI,INGBSK,ING
329,WIG_BANKI,UNICREDIT,UCG
330,WIG_BANKI,GETINOBLE,GNB
331,WIG_BANKI,PEKAO,PEO
332,WIG_BANKI,MBANK,MBK
333,WIG_BANKI,SANTANDER,SAN
334,WIG_BANKI,BNPPPL,BNP
335,WIG_BANKI,ALIOR,ALR
336,WIG_BANKI,IDEABANK,IDA
337,WIG_BANKI,PKOBP,PKO
338,WIG_BANKI,GETIN,GTN
339,WIG_BANKI,SANPL,SPL
340,WIG_BANKI,BOS,BOS
341,WIG_BUDOW,ATREM,ATR
342,WIG_BUDOW,MDIENERGIA,MDI
343,WIG_BUDOW,PROCHEM,PRM
344,WIG_BUDOW,ENAP,ENP
345,WIG_BUDOW,ROPCZYCE,RPC
346,WIG_BUDOW,FERRO,FRO
347,WIG_BUDOW,CNT,CNT
348,WIG_BUDOW,DEKPOL,DEK
349,WIG_BUDOW,INSTALKRK,INK
350,WIG_BUDOW,ERBUD,ERB
351,WIG_BUDOW,MFO,MFO
352,WIG_BUDOW,DECORA,DCR
353,WIG_BUDOW,SNIEZKA,SKA
354,WIG_BUDOW,POLIMEXMS,PXM
355,WIG_BUDOW,TESGAS,TSG
356,WIG_BUDOW,VISTAL,VTL
357,WIG_BUDOW,MOSTALPLC,MSP
358,WIG_BUDOW,LENTEX,LTX
359,WIG_BUDOW,SELENAFM,SEL
360,WIG_BUDOW,BUDIMEX,BDX
361,WIG_BUDOW,REMAK,RMK
362,WIG_BUDOW,TRAKCJA,TRK
363,WIG_BUDOW,TORPOL,TOR
364,WIG_BUDOW,MOSTALWAR,MSW
365,WIG_BUDOW,ZUE,ZUE
366,WIG_BUDOW,ELEKTROTI,ELT
367,WIG_BUDOW,PANOVA,NVA
368,WIG_BUDOW,MIRBUD,MRB
369,WIG_BUDOW,UNIBEP,UNI
370,WIG_BUDOW,PEKABEX,PBX
371,WIG_BUDOW,HERKULES,HRS
372,WIG_BUDOW,LIBET,LBT
373,WIG_BUDOW,MERCOR,MCR
374,WIG_BUDOW,ULMA,ULM
375,WIG_BUDOW,MOSTALZAB,MSZ
376,WIG_BUDOW,PROJPRZEM,PJP
377,WIG_BUDOW,POZBUD,POZ
378,WIG_CEE,COALENERG,CLE
379,WIG_CEE,PHOTON,PEN
380,WIG_CEE,AGROLIGA,AGL
381,WIG_CEE,EUROHOLD,EHG
382,WIG_CEE,CEZ,CEZ
383,WIG_CEE,KERNEL,KER
384,WIG_CEE,KSGAGRO,KSG
385,WIG_CEE,MOL,MOL
386,WIG_CEE,AGROTON,AGT
387,WIG_CEE,KRKA,KRK
388,WIG_CEE,CITYSERV,CTS
389,WIG_CEE,SILVANO,SFG
390,WIG_CEE,ASTARTA,AST
391,WIG_CEE,OVOSTAR,OVO
392,WIG_CEE,AUGA,AUG
393,WIG_CEE,IMCOMPANY,IMC
394,WIG_CEE,SOPHARMA,SPH
395,WIG_CEE,INTERAOLT,IRL
396,WIG_CEE,NOVATURAS,NTU
397,WIG_CEE,TATRY,TMR
398,WIG_CHEMIA,CIECH,CIE
399,WIG_CHEMIA,GRUPAAZOTY,ATT
400,WIG_CHEMIA,POLWAX,PWX
401,WIG_CHEMIA,POLICE,PCE
402,WIG_CHEMIA,PCCROKITA,PCR
403,WIG_DIV,DEBICA,DBC
404,WIG_DIV,HANDLOWY,BHW
405,WIG_DIV,ENERGA,ENG
406,WIG_DIV,PZU,PZU
407,WIG_DIV,FERRO,FRO
408,WIG_DIV,BSCDRUK,BSC
409,WIG_DIV,LIVECHAT,LVC
410,WIG_DIV,LPP,LPP
411,WIG_DIV,PCCROKITA,PCR
412,WIG_DIV,SNIEZKA,SKA
413,WIG_DIV,FORTE,FTE
414,WIG_DIV,APATOR,APT
415,WIG_DIV,EUROCASH,EUR
416,WIG_DIV,ORBIS,ORB
417,WIG_DIV,NEUCA,NEU
418,WIG_DIV,BUDIMEX,BDX
419,WIG_DIV,GPW,GPW
420,WIG_DIV,ACAUTOGAZ,ACG
421,WIG_DIV,KRUSZWICA,KSW
422,WIG_DIV,ASSECOPOL,ACP
423,WIG_DIV,KGHM,KGH
424,WIG_DIV,CCC,CCC
425,WIG_DIV,SANOK,SNK
426,WIG_DIV,ASSECOBS,ABS
427,WIG_DIV,KETY,KTY
428,WIG_DIV,WIELTON,WLT
429,WIG_DIV,UNIBEP,UNI
430,WIG_DIV,PCM,PCM
431,WIG_DIV,DOMDEV,DOM
432,WIG_DIV,WAWEL,WWL
433,WIG_DIV,PEKAO,PEO
434,WIG_DIV,OPONEO.PL,OPN
435,WIG_ENERG,MLSYSTEM,MLS
436,WIG_ENERG,ZEPAK,ZEP
437,WIG_ENERG,TAURONPE,TPE
438,WIG_ENERG,ENERGA,ENG
439,WIG_ENERG,PGE,PGE
440,WIG_ENERG,BEDZIN,BDZ
441,WIG_ENERG,INTERAOLT,IRL
442,WIG_ENERG,CEZ,CEZ
443,WIG_ENERG,KOGENERA,KGN
444,WIG_ENERG,ENEA,ENA
445,WIG_ENERG,PEP,PEP
446,WIG_ESG,COMARCH,CMR
447,WIG_ESG,MERCATOR,MRC
448,WIG_ESG,CDPROJEKT,CDR
449,WIG_ESG,HANDLOWY,BHW
450,WIG_ESG,AMICA,AMC
451,WIG_ESG,ENERGA,ENG
452,WIG_ESG,PZU,PZU
453,WIG_ESG,MABION,MAB
454,WIG_ESG,KRUK,KRU
455,WIG_ESG,LIVECHAT,LVC
456,WIG_ESG,AMREST,EAT
457,WIG_ESG,BENEFIT,BFT
458,WIG_ESG,GTC,GTC
459,WIG_ESG,PKNORLEN,PKN
460,WIG_ESG,LPP,LPP
461,WIG_ESG,DINOPL,DNP
462,WIG_ESG,ECHO,ECH
463,WIG_ESG,PGNIG,PGN
464,WIG_ESG,MILLENNIUM,MIL
465,WIG_ESG,TAURONPE,TPE
466,WIG_ESG,FAMUR,FMF
467,WIG_ESG,DEVELIA,DVL
468,WIG_ESG,PGE,PGE
469,WIG_ESG,PLAYWAY,PLW
470,WIG_ESG,MBANK,MBK
471,WIG_ESG,GRUPAAZOTY,ATT
472,WIG_ESG,EUROCASH,EUR
473,WIG_ESG,NEUCA,NEU
474,WIG_ESG,KERNEL,KER
475,WIG_ESG,CYFRPLSAT,CPS
476,WIG_ESG,INTERCARS,CAR
477,WIG_ESG,GETIN,GTN
478,WIG_ESG,BUDIMEX,BDX
479,WIG_ESG,ORANGEPL,OPL
480,WIG_ESG,ENEA,ENA
481,WIG_ESG,GPW,GPW
482,WIG_ESG,PLAY,PLY
483,WIG_ESG,CIECH,CIE
484,WIG_ESG,BIOMEDLUB,BML
485,WIG_ESG,11BIT,11B
486,WIG_ESG,ASSECOPOL,ACP
487,WIG_ESG,BOGDANKA,LWB
488,WIG_ESG,CCC,CCC
489,WIG_ESG,BNPPPL,BNP
490,WIG_ESG,PKOBP,PKO
491,WIG_ESG,KETY,KTY
492,WIG_ESG,VRG,VRG
493,WIG_ESG,DOMDEV,DOM
494,WIG_ESG,TSGAMES,TEN
495,WIG_ESG,WIRTUALNA,WPL
496,WIG_ESG,INGBSK,ING
497,WIG_ESG,ASSECOSEE,ASE
498,WIG_ESG,PEKAO,PEO
499,WIG_ESG,CLNPHARMA,CLN
500,WIG_ESG,JSW,JSW
501,WIG_ESG,PKPCARGO,PKP
502,WIG_ESG,KGHM,KGH
503,WIG_ESG,LOTOS,LTS
504,WIG_ESG,SANPL,SPL
505,WIG_ESG,ALIOR,ALR
506,WIG_GORNIC,COALENERG,CLE
507,WIG_GORNIC,BOGDANKA,LWB
508,WIG_GORNIC,JSW,JSW
509,WIG_GORNIC,PRAIRIE,PDZ
510,WIG_GORNIC,KGHM,KGH
511,WIG_INFO,COMARCH,CMR
512,WIG_INFO,DATAWALK,DAT
513,WIG_INFO,BETACOM,BCM
514,WIG_INFO,LSISOFT,LSI
515,WIG_INFO,LIVECHAT,LVC
516,WIG_INFO,ATENDE,ATD
517,WIG_INFO,AILLERON,ALL
518,WIG_INFO,ELZAB,ELZ
519,WIG_INFO,WASKO,WAS
520,WIG_INFO,SYGNITY,SGN
521,WIG_INFO,TALEX,TLX
522,WIG_INFO,PGSSOFT,PSW
523,WIG_INFO,ASSECOPOL,ACP
524,WIG_INFO,OPTEAM,OPM
525,WIG_INFO,ASSECOBS,ABS
526,WIG_INFO,COMP,CMP
527,WIG_INFO,ASSECOSEE,ASE
528,WIG_INFO,NTTSYSTEM,NTT
529,WIG_INFO,SIMPLE,SME
530,WIG_INFO,IFIRMA,IFI
531,WIG_LEKI,BIOMEDLUB,BML
532,WIG_LEKI,MABION,MAB
533,WIG_LEKI,CORMAY,CRM
534,WIG_LEKI,PHARMENA,PHR
535,WIG_LEKI,BIOTON,BIO
536,WIG_LEKI,SOPHARMA,SPH
537,WIG_LEKI,KRKA,KRK
538,WIG_LEKI,CLNPHARMA,CLN
539,WIG_LEKI,MASTERPHA,MPH
540,WIG_MEDIA,KCI,KCI
541,WIG_MEDIA,ASMGROUP,ASM
542,WIG_MEDIA,MEDIACAP,MCP
543,WIG_MEDIA,PMPG,PGM
544,WIG_MEDIA,K2INTERNT,K2I
545,WIG_MEDIA,4FUNMEDIA,4FM
546,WIG_MEDIA,WIRTUALNA,WPL
547,WIG_MEDIA,AGORA,AGO
548,WIG_MEDIA,KINOPOL,KPL
549,WIG_MEDIA,LARQ,LRQ
550,WIG_MEDIA,IMS,IMS
551,WIG_MEDIA,ATMGRUPA,ATG
552,WIG_MOTO,ACAUTOGAZ,ACG
553,WIG_MOTO,GROCLIN,GCN
554,WIG_MOTO,DEBICA,DBC
555,WIG_MOTO,SANOK,SNK
556,WIG_MOTO,AUTOPARTN,APR
557,WIG_MOTO,INTERCARS,CAR
558,WIG_MOTO,BAHOLDING,BAH
559,WIG_NRCHOM,ALTA,AAT
560,WIG_NRCHOM,ARCHICOM,ARH
561,WIG_NRCHOM,EDINVEST,EDI
562,WIG_NRCHOM,MLPGROUP,MLG
563,WIG_NRCHOM,TOWERINVT,TOW
564,WIG_NRCHOM,CPGROUP,CPG
565,WIG_NRCHOM,GTC,GTC
566,WIG_NRCHOM,RONSON,RON
567,WIG_NRCHOM,ATLASEST,ATL
568,WIG_NRCHOM,BBIDEV,BBD
569,WIG_NRCHOM,ECHO,ECH
570,WIG_NRCHOM,INPRO,INP
571,WIG_NRCHOM,DEVELIA,DVL
572,WIG_NRCHOM,ATAL,1AT
573,WIG_NRCHOM,IIAAV,IIA
574,WIG_NRCHOM,CELTIC,CPD
575,WIG_NRCHOM,RANKPROGR,RNK
576,WIG_NRCHOM,PHN,PHN
577,WIG_NRCHOM,BIK,BIK
578,WIG_NRCHOM,MARVIPOL,MVP
579,WIG_NRCHOM,DOMDEV,DOM
580,WIG_NRCHOM,I2DEV,I2D
581,WIG_NRCHOM,ELKOP,EKP
582,WIG_NRCHOM,LOKUM,LKD
583,WIG_NRCHOM,WIKANA,WIK
584,WIG_NRCHOM,TRITON,TRI
585,WIG_NRCHOM,WARIMPEX,WXF
586,WIG_ODZIEZ,SILVANO,SFG
587,WIG_ODZIEZ,LUBAWA,LBW
588,WIG_ODZIEZ,INTERSPPL,IPO
589,WIG_ODZIEZ,PROTEKTOR,PRT
590,WIG_ODZIEZ,MIRACULUM,MIR
591,WIG_ODZIEZ,SOLAR,SOL
592,WIG_ODZIEZ,MONNARI,MON
593,WIG_ODZIEZ,ESOTIQ,EAH
594,WIG_ODZIEZ,SANWIL,SNW
595,WIG_ODZIEZ,CCC,CCC
596,WIG_ODZIEZ,HARPER,HRP
597,WIG_ODZIEZ,WITTCHEN,WTN
598,WIG_ODZIEZ,GLCOSMED,GLC
599,WIG_ODZIEZ,WOJAS,WOJ
600,WIG_ODZIEZ,VRG,VRG
601,WIG_ODZIEZ,LPP,LPP
602,WIG_ODZIEZ,CDRL,CDL
603,WIG_PALIWA,UNIMOT,UNT
604,WIG_PALIWA,MOL,MOL
605,WIG_PALIWA,SERINUS,SEN
606,WIG_PALIWA,LOTOS,LTS
607,WIG_PALIWA,PKNORLEN,PKN
608,WIG_PALIWA,SKOTAN,SKT
609,WIG_PALIWA,PGNIG,PGN
610,WIG_POLAND,CDPROJEKT,CDR
611,WIG_POLAND,BEDZIN,BDZ
612,WIG_POLAND,ZEPAK,ZEP
613,WIG_POLAND,ATM,ATM
614,WIG_POLAND,STELMET,STL
615,WIG_POLAND,LENTEX,LTX
616,WIG_POLAND,CYFRPLSAT,CPS
617,WIG_POLAND,SEKO,SEK
618,WIG_POLAND,TERMOREX,TRR
619,WIG_POLAND,INTERCARS,CAR
620,WIG_POLAND,INDYKPOL,IND
621,WIG_POLAND,REMAK,RMK
622,WIG_POLAND,TRAKCJA,TRK
623,WIG_POLAND,RAFAKO,RFK
624,WIG_POLAND,ACAUTOGAZ,ACG
625,WIG_POLAND,UNIMOT,UNT
626,WIG_POLAND,PGO,PGO
627,WIG_POLAND,PRAGMAINK,PRI
628,WIG_POLAND,MAKARONPL,MAK
629,WIG_POLAND,PANOVA,NVA
630,WIG_POLAND,AUTOPARTN,APR
631,WIG_POLAND,ATLANTAPL,ATP
632,WIG_POLAND,NOWAGALA,CNG
633,WIG_POLAND,NTTSYSTEM,NTT
634,WIG_POLAND,SANPL,SPL
635,WIG_POLAND,ALTUSTFI,ALI
636,WIG_POLAND,ARCTIC,ATC
637,WIG_POLAND,ENAP,ENP
638,WIG_POLAND,LIVECHAT,LVC
639,WIG_POLAND,ATENDE,ATD
640,WIG_POLAND,RELPOL,RLP
641,WIG_POLAND,IMS,IMS
642,WIG_POLAND,LARK,LRK
643,WIG_POLAND,KANIA,KAN
644,WIG_POLAND,QUERCUS,QRS
645,WIG_POLAND,WADEX,WAX
646,WIG_POLAND,BUDIMEX,BDX
647,WIG_POLAND,MWTRADE,MWT
648,WIG_POLAND,CAPITAL,CPA
649,WIG_POLAND,KBDOM,KBD
650,WIG_POLAND,QUANTUM,QNT
651,WIG_POLAND,KINOPOL,KPL
652,WIG_POLAND,KETY,KTY
653,WIG_POLAND,PRIMETECH,PTH
654,WIG_POLAND,ZPUE,PUE
655,WIG_POLAND,EKOEXPORT,EEX
656,WIG_POLAND,WIKANA,WIK
657,WIG_POLAND,NETIA,NET
658,WIG_POLAND,SIMPLE,SME
659,WIG_POLAND,PKPCARGO,PKP
660,WIG_POLAND,GLCOSMED,GLC
661,WIG_POLAND,IALBGR,IAG
662,WIG_POLAND,FASING,FSG
663,WIG_POLAND,ARCHICOM,ARH
664,WIG_POLAND,ELBUDOWA,ELB
665,WIG_POLAND,MANGATA,MGT
666,WIG_POLAND,IMPEL,IPL
667,WIG_POLAND,ABPL,ABE
668,WIG_POLAND,PCCROKITA,PCR
669,WIG_POLAND,SKOTAN,SKT
670,WIG_POLAND,PGNIG,PGN
671,WIG_POLAND,MUZA,MZA
672,WIG_POLAND,SELENAFM,SEL
673,WIG_POLAND,MONNARI,MON
674,WIG_POLAND,ELEKTROTI,ELT
675,WIG_POLAND,MEDICALG,MDG
676,WIG_POLAND,PBKM,BKM
677,WIG_POLAND,PLASTBOX,PLX
678,WIG_POLAND,SYNEKTIK,SNT
679,WIG_POLAND,BOWIM,BOW
680,WIG_POLAND,ULMA,ULM
681,WIG_POLAND,WINVEST,WIS
682,WIG_POLAND,PKNORLEN,PKN
683,WIG_POLAND,WASKO,WAS
684,WIG_POLAND,RAFAMET,RAF
685,WIG_POLAND,IDEABANK,IDA
686,WIG_POLAND,BALTONA,BAL
687,WIG_POLAND,TORPOL,TOR
688,WIG_POLAND,KRUSZWICA,KSW
689,WIG_POLAND,CCC,CCC
690,WIG_POLAND,ASSECOBS,ABS
691,WIG_POLAND,WOJAS,WOJ
692,WIG_POLAND,4FUNMEDIA,4FM
693,WIG_POLAND,CLNPHARMA,CLN
694,WIG_POLAND,PLATYNINW,PIW
695,WIG_POLAND,SECOGROUP,SWG
696,WIG_POLAND,BSCDRUK,BSC
697,WIG_POLAND,OTMUCHOW,OTM
698,WIG_POLAND,INPRO,INP
699,WIG_POLAND,RADPOL,RDL
700,WIG_POLAND,ATMGRUPA,ATG
701,WIG_POLAND,ESOTIQ,EAH
702,WIG_POLAND,WIELTON,WLT
703,WIG_POLAND,DELKO,DEL
704,WIG_POLAND,PEMANAGER,PEM
705,WIG_POLAND,COMARCH,CMR
706,WIG_POLAND,PROCHEM,PRM
707,WIG_POLAND,K2INTERNT,K2I
708,WIG_POLAND,KRVITAMIN,KVT
709,WIG_POLAND,PROCAD,PRD
710,WIG_POLAND,SONEL,SON
711,WIG_POLAND,CPGROUP,CPG
712,WIG_POLAND,ZAMET,ZMT
713,WIG_POLAND,APSENERGY,APE
714,WIG_POLAND,ECHO,ECH
715,WIG_POLAND,LUBAWA,LBW
716,WIG_POLAND,KCI,KCI
717,WIG_POLAND,VISTAL,VTL
718,WIG_POLAND,PLAYWAY,PLW
719,WIG_POLAND,ARTERIA,ARR
720,WIG_POLAND,NEWAG,NWG
721,WIG_POLAND,MCI,MCI
722,WIG_POLAND,ADIUVO,ADV
723,WIG_POLAND,KONSSTALI,KST
724,WIG_POLAND,ELEMENTAL,EMT
725,WIG_POLAND,NOVITA,NVT
726,WIG_POLAND,MOSTALZAB,MSZ
727,WIG_POLAND,INC,INC
728,WIG_POLAND,MERCATOR,MRC
729,WIG_POLAND,FERRUM,FER
730,WIG_POLAND,EDINVEST,EDI
731,WIG_POLAND,VOXEL,VOX
732,WIG_POLAND,TARCZYNSKI,TAR
733,WIG_POLAND,LPP,LPP
734,WIG_POLAND,DECORA,DCR
735,WIG_POLAND,IMPERA,IMP
736,WIG_POLAND,ORION,ORN
737,WIG_POLAND,MOSTALPLC,MSP
738,WIG_POLAND,COGNOR,COG
739,WIG_POLAND,MBANK,MBK
740,WIG_POLAND,VINDEXUS,VIN
741,WIG_POLAND,TIM,TIM
742,WIG_POLAND,ARTIFEX,ART
743,WIG_POLAND,STALPROFI,STF
744,WIG_POLAND,ALUMETAL,AML
745,WIG_POLAND,PFLEIDER,PFL
746,WIG_POLAND,SOHODEV,SHD
747,WIG_POLAND,POLICE,PCE
748,WIG_POLAND,VRG,VRG
749,WIG_POLAND,EUCO,EUC
750,WIG_POLAND,NETMEDIA,NEM
751,WIG_POLAND,PEKAO,PEO
752,WIG_POLAND,XTB,XTB
753,WIG_POLAND,MASTERPHA,MPH
754,WIG_POLAND,GPRE,GPR
755,WIG_POLAND,HANDLOWY,BHW
756,WIG_POLAND,LSISOFT,LSI
757,WIG_POLAND,AMREST,EAT
758,WIG_POLAND,MLPGROUP,MLG
759,WIG_POLAND,ERG,ERG
760,WIG_POLAND,INTROL,INL
761,WIG_POLAND,STALEXP,STX
762,WIG_POLAND,APATOR,APT
763,WIG_POLAND,GETIN,GTN
764,WIG_POLAND,ORANGEPL,OPL
765,WIG_POLAND,MEXPOLSKA,MEX
766,WIG_POLAND,ITMTRADE,ITM
767,WIG_POLAND,SANOK,SNK
768,WIG_POLAND,KOGENERA,KGN
769,WIG_POLAND,VOTUM,VOT
770,WIG_POLAND,DOMDEV,DOM
771,WIG_POLAND,WAWEL,WWL
772,WIG_POLAND,COMP,CMP
773,WIG_POLAND,PEKABEX,PBX
774,WIG_POLAND,PROJPRZEM,PJP
775,WIG_POLAND,HELIO,HEL
776,WIG_POLAND,ALTA,AAT
777,WIG_POLAND,VIVID,VVD
778,WIG_POLAND,BETACOM,BCM
779,WIG_POLAND,ROPCZYCE,RPC
780,WIG_POLAND,RESBUD,RES
781,WIG_POLAND,BENEFIT,BFT
782,WIG_POLAND,ELZAB,ELZ
783,WIG_POLAND,SNIEZKA,SKA
784,WIG_POLAND,DEVELIA,DVL
785,WIG_POLAND,BUMECH,BMC
786,WIG_POLAND,NEUCA,NEU
787,WIG_POLAND,IZOBLOK,IZB
788,WIG_POLAND,PROTEKTOR,PRT
789,WIG_POLAND,MIRACULUM,MIR
790,WIG_POLAND,BIK,BIK
791,WIG_POLAND,HYDROTOR,HDR
792,WIG_POLAND,UNIBEP,UNI
793,WIG_POLAND,I2DEV,I2D
794,WIG_POLAND,CDRL,CDL
795,WIG_POLAND,DEBICA,DBC
796,WIG_POLAND,INTERSPPL,IPO
797,WIG_POLAND,MDIENERGIA,MDI
798,WIG_POLAND,PAMAPOL,PMP
799,WIG_POLAND,AIRWAY,AWM
800,WIG_POLAND,CNT,CNT
801,WIG_POLAND,NORTCOAST,NCT
802,WIG_POLAND,KREC,KRC
803,WIG_POLAND,RYVU,RVU
804,WIG_POLAND,FORTE,FTE
805,WIG_POLAND,KRAKCHEM,KCH
806,WIG_POLAND,GINOROSSI,GRI
807,WIG_POLAND,KPPD,KPD
808,WIG_POLAND,SOLAR,SOL
809,WIG_POLAND,IFCAPITAL,IFC
810,WIG_POLAND,PRIMAMODA,PMA
811,WIG_POLAND,DIGITREE,DTR
812,WIG_POLAND,PMPG,PGM
813,WIG_POLAND,MENNICA,MNC
814,WIG_POLAND,ERBUD,ERB
815,WIG_POLAND,CUBEITG,CTG
816,WIG_POLAND,POLIMEXMS,PXM
817,WIG_POLAND,JWCONSTR,JWC
818,WIG_POLAND,ATAL,1AT
819,WIG_POLAND,PGSSOFT,PSW
820,WIG_POLAND,OTLOG,OTS
821,WIG_POLAND,CIECH,CIE
822,WIG_POLAND,RANKPROGR,RNK
823,WIG_POLAND,PHN,PHN
824,WIG_POLAND,ASMGROUP,ASM
825,WIG_POLAND,INGBSK,ING
826,WIG_POLAND,APLISENS,APN
827,WIG_POLAND,MERCOR,MCR
828,WIG_POLAND,ESSYSTEM,ESS
829,WIG_POLAND,KREZUS,KZS
830,WIG_POLAND,JSW,JSW
831,WIG_POLAND,LOTOS,LTS
832,WIG_POLAND,INVISTA,INV
833,WIG_POLAND,ATREM,ATR
834,WIG_POLAND,GRODNO,GRN
835,WIG_POLAND,FERRO,FRO
836,WIG_POLAND,RAINBOW,RBW
837,WIG_POLAND,WITTCHEN,WTN
838,WIG_POLAND,DEKPOL,DEK
839,WIG_POLAND,PBG,PBG
840,WIG_POLAND,FASTFIN,FFI
841,WIG_POLAND,BBIDEV,BBD
842,WIG_POLAND,MILLENNIUM,MIL
843,WIG_POLAND,SUWARY,SUW
844,WIG_POLAND,TAURONPE,TPE
845,WIG_POLAND,BIOTON,BIO
846,WIG_POLAND,HARPER,HRP
847,WIG_POLAND,EUROCASH,EUR
848,WIG_POLAND,ZUE,ZUE
849,WIG_POLAND,MORIZON,MZN
850,WIG_POLAND,POLNORD,PND
851,WIG_POLAND,AIGAMES,ALG
852,WIG_POLAND,TOYA,TOA
853,WIG_POLAND,OPENFIN,OPF
854,WIG_POLAND,LOKUM,LKD
855,WIG_POLAND,POLWAX,PWX
856,WIG_POLAND,KGHM,KGH
857,WIG_POLAND,OEX,OEX
858,WIG_POLAND,SKARBIEC,SKH
859,WIG_POLAND,INTERFERI,INF
860,WIG_POLAND,AMICA,AMC
861,WIG_POLAND,ENERGA,ENG
862,WIG_POLAND,GTC,GTC
863,WIG_POLAND,KOMPUTRON,KOM
864,WIG_POLAND,BAHOLDING,BAH
865,WIG_POLAND,IZOSTAL,IZS
866,WIG_POLAND,VIGOSYS,VGO
867,WIG_POLAND,AMBRA,AMB
868,WIG_POLAND,TESGAS,TSG
869,WIG_POLAND,WORKSERV,WSE
870,WIG_POLAND,SYGNITY,SGN
871,WIG_POLAND,GRUPAAZOTY,ATT
872,WIG_POLAND,TALEX,TLX
873,WIG_POLAND,BOS,BOS
874,WIG_POLAND,MOJ,MOJ
875,WIG_POLAND,GPW,GPW
876,WIG_POLAND,ENEA,ENA
877,WIG_POLAND,MOSTALWAR,MSW
878,WIG_POLAND,11BIT,11B
879,WIG_POLAND,CFI,CFI
880,WIG_POLAND,AGORA,AGO
881,WIG_POLAND,FON,FON
882,WIG_POLAND,RAWLPLUG,RWL
883,WIG_POLAND,MABION,MAB
884,WIG_POLAND,ENELMED,ENE
885,WIG_POLAND,INSTALKRK,INK
886,WIG_POLAND,PGE,PGE
887,WIG_POLAND,ALIOR,ALR
888,WIG_POLAND,ORBIS,ORB
889,WIG_POLAND,BIOMEDLUB,BML
890,WIG_POLAND,ODLEWNIE,ODL
891,WIG_POLAND,QUMAK,QMK
892,WIG_POLAND,STALPROD,STP
893,WIG_POLAND,PKOBP,PKO
894,WIG_POLAND,OPTEAM,OPM
895,WIG_POLAND,MEDIACAP,MCP
896,WIG_POLAND,LENA,LEN
897,WIG_POLAND,WIRTUALNA,WPL
898,WIG_POLAND,IFIRMA,IFI
899,WIG_POLAND,PEPEES,PPS
900,WIG_POLAND,TRITON,TRI
901,WIG_POLAND,EUROTEL,ETL
902,WIG_POLAND,AWBUD,AWB
903,WIG_POLAND,BRASTER,BRA
904,WIG_POLAND,KRUK,KRU
905,WIG_POLAND,ENTER,ENT
906,WIG_POLAND,KOMPAP,KMP
907,WIG_POLAND,FEERUM,FEE
908,WIG_POLAND,TRANSPOL,TRN
909,WIG_POLAND,SFINKS,SFS
910,WIG_POLAND,ATLANTIS,ATS
911,WIG_POLAND,FAMUR,FMF
912,WIG_POLAND,DROZAPOL,DPL
913,WIG_POLAND,IMPEXMET,IPX
914,WIG_POLAND,PCCEXOL,PCX
915,WIG_POLAND,GETINOBLE,GNB
916,WIG_POLAND,LARQ,LRQ
917,WIG_POLAND,GROCLIN,GCN
918,WIG_POLAND,ERGIS,EEF
919,WIG_POLAND,MIRBUD,MRB
920,WIG_POLAND,BOGDANKA,LWB
921,WIG_POLAND,HUBSTYLE,HUB
922,WIG_POLAND,GOBARTO,GOB
923,WIG_POLAND,KGL,KGL
924,WIG_POLAND,ASSECOSEE,ASE
925,WIG_POLAND,HERKULES,HRS
926,WIG_POLAND,LIBET,LBT
927,WIG_POLAND,ENERGOINS,ENI
928,WIG_POLAND,OPONEO.PL,OPN
929,WIG_POLAND,PZU,PZU
930,WIG_POLAND,BORYSZEW,BRS
931,WIG_POLAND,AILLERON,ALL
932,WIG_POLAND,MFO,MFO
933,WIG_POLAND,DINOPL,DNP
934,WIG_POLAND,CORMAY,CRM
935,WIG_POLAND,CELTIC,CPD
936,WIG_POLAND,ASSECOPOL,ACP
937,WIG_POLAND,PRAGMAFA,PRF
938,WIG_POLAND,IPOPEMA,IPE
939,WIG_POLAND,EFEKT,EFK
940,WIG_POLAND,IMMOBILE,GKI
941,WIG_POLAND,PEP,PEP
942,WIG_POLAND,PCM,PCM
943,WIG_POLAND,ORZBIALY,OBL
944,WIG_POLAND,URSUS,URS
945,WIG_POLAND,CIGAMES,CIG
946,WIG_POLAND,POZBUD,POZ
947,WIG_SPOZYW,HELIO,HEL
948,WIG_SPOZYW,PAMAPOL,PMP
949,WIG_SPOZYW,KRVITAMIN,KVT
950,WIG_SPOZYW,OTMUCHOW,OTM
951,WIG_SPOZYW,MBWS,MBW
952,WIG_SPOZYW,AMBRA,AMB
953,WIG_SPOZYW,SEKO,SEK
954,WIG_SPOZYW,KERNEL,KER
955,WIG_SPOZYW,KSGAGRO,KSG
956,WIG_SPOZYW,KRUSZWICA,KSW
957,WIG_SPOZYW,AGROTON,AGT
958,WIG_SPOZYW,MAKARONPL,MAK
959,WIG_SPOZYW,ATLANTAPL,ATP
960,WIG_SPOZYW,ASTARTA,AST
961,WIG_SPOZYW,WAWEL,WWL
962,WIG_SPOZYW,OVOSTAR,OVO
963,WIG_SPOZYW,AUGA,AUG
964,WIG_SPOZYW,IMCOMPANY,IMC
965,WIG_SPOZYW,PEPEES,PPS
966,WIG_TELKOM,ORANGEPL,OPL
967,WIG_TELKOM,NETIA,NET
968,WIG_TELKOM,CYFRPLSAT,CPS
969,WIG_TELKOM,PLAY,PLY
970,WIG_UKRAIN,COALENERG,CLE
971,WIG_UKRAIN,ASTARTA,AST
972,WIG_UKRAIN,KSGAGRO,KSG
973,WIG_UKRAIN,OVOSTAR,OVO
974,WIG_UKRAIN,AGROTON,AGT
975,WIG_UKRAIN,IMCOMPANY,IMC
976,WIG_UKRAIN,KERNEL,KER
977,WIG,CDPROJEKT,CDR
978,WIG,BEDZIN,BDZ
979,WIG,ZEPAK,ZEP
980,WIG,GAMEOPS,GOP
981,WIG,LENTEX,LTX
982,WIG,CYFRPLSAT,CPS
983,WIG,SEKO,SEK
984,WIG,SELVITA,SLV
985,WIG,INTERCARS,CAR
986,WIG,REMAK,RMK
987,WIG,TRAKCJA,TRK
988,WIG,ACAUTOGAZ,ACG
989,WIG,KSGAGRO,KSG
990,WIG,UNIMOT,UNT
991,WIG,PGO,PGO
992,WIG,PRAGMAINK,PRI
993,WIG,MAKARONPL,MAK
994,WIG,PANOVA,NVA
995,WIG,AUTOPARTN,APR
996,WIG,ATLANTAPL,ATP
997,WIG,NTTSYSTEM,NTT
998,WIG,SANPL,SPL
999,WIG,ALTUSTFI,ALI
1000,WIG,ARCTIC,ATC
1001,WIG,ENAP,ENP
1002,WIG,LIVECHAT,LVC
1003,WIG,ATENDE,ATD
1004,WIG,RELPOL,RLP
1005,WIG,IMS,IMS
1006,WIG,QUERCUS,QRS
1007,WIG,BUDIMEX,BDX
1008,WIG,MWTRADE,MWT
1009,WIG,KINOPOL,KPL
1010,WIG,KETY,KTY
1011,WIG,ZPUE,PUE
1012,WIG,EKOEXPORT,EEX
1013,WIG,WIKANA,WIK
1014,WIG,NETIA,NET
1015,WIG,SIMPLE,SME
1016,WIG,PKPCARGO,PKP
1017,WIG,GLCOSMED,GLC
1018,WIG,FASING,FSG
1019,WIG,ARCHICOM,ARH
1020,WIG,MANGATA,MGT
1021,WIG,VENTUREIN,VTI
1022,WIG,ABPL,ABE
1023,WIG,PCCROKITA,PCR
1024,WIG,SKOTAN,SKT
1025,WIG,PGNIG,PGN
1026,WIG,SELENAFM,SEL
1027,WIG,MONNARI,MON
1028,WIG,ELEKTROTI,ELT
1029,WIG,MEDICALG,MDG
1030,WIG,PBKM,BKM
1031,WIG,PLASTBOX,PLX
1032,WIG,SYNEKTIK,SNT
1033,WIG,BOWIM,BOW
1034,WIG,ULMA,ULM
1035,WIG,WARIMPEX,WXF
1036,WIG,PKNORLEN,PKN
1037,WIG,WASKO,WAS
1038,WIG,RAFAMET,RAF
1039,WIG,PATENTUS,PAT
1040,WIG,SERINUS,SEN
1041,WIG,IDEABANK,IDA
1042,WIG,TORPOL,TOR
1043,WIG,KRUSZWICA,KSW
1044,WIG,CCC,CCC
1045,WIG,ASSECOBS,ABS
1046,WIG,WOJAS,WOJ
1047,WIG,ASTARTA,AST
1048,WIG,4FUNMEDIA,4FM
1049,WIG,CLNPHARMA,CLN
1050,WIG,XTPL,XTP
1051,WIG,SECOGROUP,SWG
1052,WIG,PUNKPIRAT,PUN
1053,WIG,OTMUCHOW,OTM
1054,WIG,INPRO,INP
1055,WIG,RADPOL,RDL
1056,WIG,ATMGRUPA,ATG
1057,WIG,ESOTIQ,EAH
1058,WIG,ASBIS,ASB
1059,WIG,WIELTON,WLT
1060,WIG,DELKO,DEL
1061,WIG,PEMANAGER,PEM
1062,WIG,INTERAOLT,IRL
1063,WIG,COMARCH,CMR
1064,WIG,PROCHEM,PRM
1065,WIG,K2INTERNT,K2I
1066,WIG,KRVITAMIN,KVT
1067,WIG,SONEL,SON
1068,WIG,CPGROUP,CPG
1069,WIG,ZAMET,ZMT
1070,WIG,APSENERGY,APE
1071,WIG,ECHO,ECH
1072,WIG,LUBAWA,LBW
1073,WIG,KCI,KCI
1074,WIG,VISTAL,VTL
1075,WIG,PLAYWAY,PLW
1076,WIG,CEZ,CEZ
1077,WIG,ARTERIA,ARR
1078,WIG,NEWAG,NWG
1079,WIG,MCI,MCI
1080,WIG,ADIUVO,ADV
1081,WIG,MOL,MOL
1082,WIG,BNPPPL,BNP
1083,WIG,MOSTALZAB,MSZ
1084,WIG,INC,INC
1085,WIG,MERCATOR,MRC
1086,WIG,FERRUM,FER
1087,WIG,EDINVEST,EDI
1088,WIG,SANWIL,SNW
1089,WIG,VOXEL,VOX
1090,WIG,PRAIRIE,PDZ
1091,WIG,LPP,LPP
1092,WIG,DECORA,DCR
1093,WIG,MOSTALPLC,MSP
1094,WIG,OAT,OAT
1095,WIG,COGNOR,COG
1096,WIG,MBANK,MBK
1097,WIG,VINDEXUS,VIN
1098,WIG,TIM,TIM
1099,WIG,ARTIFEX,ART
1100,WIG,STALPROFI,STF
1101,WIG,ALUMETAL,AML
1102,WIG,POLICE,PCE
1103,WIG,VRG,VRG
1104,WIG,EUCO,EUC
1105,WIG,PEKAO,PEO
1106,WIG,SOPHARMA,SPH
1107,WIG,EVEREST,EVE
1108,WIG,XTB,XTB
1109,WIG,TATRY,TMR
1110,WIG,MASTERPHA,MPH
1111,WIG,HANDLOWY,BHW
1112,WIG,LSISOFT,LSI
1113,WIG,AMREST,EAT
1114,WIG,MLPGROUP,MLG
1115,WIG,ERG,ERG
1116,WIG,INTROL,INL
1117,WIG,STALEXP,STX
1118,WIG,APATOR,APT
1119,WIG,GETIN,GTN
1120,WIG,ORANGEPL,OPL
1121,WIG,MEXPOLSKA,MEX
1122,WIG,SANOK,SNK
1123,WIG,KOGENERA,KGN
1124,WIG,VOTUM,VOT
1125,WIG,DOMDEV,DOM
1126,WIG,WAWEL,WWL
1127,WIG,COMP,CMP
1128,WIG,PEKABEX,PBX
1129,WIG,AUGA,AUG
1130,WIG,IMCOMPANY,IMC
1131,WIG,ULTGAMES,ULG
1132,WIG,PROJPRZEM,PJP
1133,WIG,HELIO,HEL
1134,WIG,ALTA,AAT
1135,WIG,DATAWALK,DAT
1136,WIG,BETACOM,BCM
1137,WIG,ROPCZYCE,RPC
1138,WIG,BENEFIT,BFT
1139,WIG,ELZAB,ELZ
1140,WIG,SNIEZKA,SKA
1141,WIG,DEVELIA,DVL
1142,WIG,BUMECH,BMC
1143,WIG,NEUCA,NEU
1144,WIG,IZOBLOK,IZB
1145,WIG,PROTEKTOR,PRT
1146,WIG,MIRACULUM,MIR
1147,WIG,BIK,BIK
1148,WIG,HYDROTOR,HDR
1149,WIG,UNIBEP,UNI
1150,WIG,I2DEV,I2D
1151,WIG,06MAGNA,06N
1152,WIG,CDRL,CDL
1153,WIG,DEBICA,DBC
1154,WIG,INTERSPPL,IPO
1155,WIG,MDIENERGIA,MDI
1156,WIG,PAMAPOL,PMP
1157,WIG,COALENERG,CLE
1158,WIG,AIRWAY,AWM
1159,WIG,CNT,CNT
1160,WIG,NANOGROUP,NNG
1161,WIG,RONSON,RON
1162,WIG,KREC,KRC
1163,WIG,RYVU,RVU
1164,WIG,FORTE,FTE
1165,WIG,MLSYSTEM,MLS
1166,WIG,KPPD,KPD
1167,WIG,SOLAR,SOL
1168,WIG,NOVATURAS,NTU
1169,WIG,PMPG,PGM
1170,WIG,UNICREDIT,UCG
1171,WIG,MENNICA,MNC
1172,WIG,ERBUD,ERB
1173,WIG,POLIMEXMS,PXM
1174,WIG,PROVIDENT,IPF
1175,WIG,ATAL,1AT
1176,WIG,PGSSOFT,PSW
1177,WIG,IIAAV,IIA
1178,WIG,OTLOG,OTS
1179,WIG,PLAY,PLY
1180,WIG,CIECH,CIE
1181,WIG,RANKPROGR,RNK
1182,WIG,PHN,PHN
1183,WIG,CITYSERV,CTS
1184,WIG,SILVANO,SFG
1185,WIG,ASMGROUP,ASM
1186,WIG,INGBSK,ING
1187,WIG,APLISENS,APN
1188,WIG,MERCOR,MCR
1189,WIG,JSW,JSW
1190,WIG,MAXCOM,MXC
1191,WIG,LOTOS,LTS
1192,WIG,ATREM,ATR
1193,WIG,GRODNO,GRN
1194,WIG,FERRO,FRO
1195,WIG,RAINBOW,RBW
1196,WIG,WITTCHEN,WTN
1197,WIG,DEKPOL,DEK
1198,WIG,BBIDEV,BBD
1199,WIG,MILLENNIUM,MIL
1200,WIG,SUWARY,SUW
1201,WIG,TAURONPE,TPE
1202,WIG,R22,R22
1203,WIG,PHARMENA,PHR
1204,WIG,BIOTON,BIO
1205,WIG,HARPER,HRP
1206,WIG,EUROCASH,EUR
1207,WIG,ZUE,ZUE
1208,WIG,AGROTON,AGT
1209,WIG,MARVIPOL,MVP
1210,WIG,AIGAMES,ALG
1211,WIG,TOYA,TOA
1212,WIG,OVOSTAR,OVO
1213,WIG,SUNEX,SNX
1214,WIG,LOKUM,LKD
1215,WIG,POLWAX,PWX
1216,WIG,KGHM,KGH
1217,WIG,OEX,OEX
1218,WIG,SKARBIEC,SKH
1219,WIG,INTERFERI,INF
1220,WIG,AMICA,AMC
1221,WIG,ENERGA,ENG
1222,WIG,BOOMBIT,BBT
1223,WIG,GTC,GTC
1224,WIG,BAHOLDING,BAH
1225,WIG,VIGOSYS,VGO
1226,WIG,IZOSTAL,IZS
1227,WIG,STAPORKOW,ZUK
1228,WIG,AMBRA,AMB
1229,WIG,TESGAS,TSG
1230,WIG,EUROHOLD,EHG
1231,WIG,WORKSERV,WSE
1232,WIG,SYGNITY,SGN
1233,WIG,GRUPAAZOTY,ATT
1234,WIG,KERNEL,KER
1235,WIG,TALEX,TLX
1236,WIG,BOS,BOS
1237,WIG,MOJ,MOJ
1238,WIG,GPW,GPW
1239,WIG,ENEA,ENA
1240,WIG,MOSTALWAR,MSW
1241,WIG,11BIT,11B
1242,WIG,KRKA,KRK
1243,WIG,ELKOP,EKP
1244,WIG,SANTANDER,SAN
1245,WIG,AGORA,AGO
1246,WIG,FON,FON
1247,WIG,SWISSMED,SWD
1248,WIG,RAWLPLUG,RWL
1249,WIG,MABION,MAB
1250,WIG,ENELMED,ENE
1251,WIG,INSTALKRK,INK
1252,WIG,MBWS,MBW
1253,WIG,PGE,PGE
1254,WIG,ALIOR,ALR
1255,WIG,BIOMEDLUB,BML
1256,WIG,ODLEWNIE,ODL
1257,WIG,STALPROD,STP
1258,WIG,PKOBP,PKO
1259,WIG,OPTEAM,OPM
1260,WIG,MEDIACAP,MCP
1261,WIG,LENA,LEN
1262,WIG,WIRTUALNA,WPL
1263,WIG,IFIRMA,IFI
1264,WIG,PEPEES,PPS
1265,WIG,TRITON,TRI
1266,WIG,EUROTEL,ETL
1267,WIG,KRUK,KRU
1268,WIG,ENTER,ENT
1269,WIG,TOWERINVT,TOW
1270,WIG,KOMPAP,KMP
1271,WIG,TBULL,TBL
1272,WIG,ATLASEST,ATL
1273,WIG,FEERUM,FEE
1274,WIG,TRANSPOL,TRN
1275,WIG,SFINKS,SFS
1276,WIG,ATLANTIS,ATS
1277,WIG,FAMUR,FMF
1278,WIG,TALANX,TNX
1279,WIG,GAMFACTOR,GIF
1280,WIG,GETINOBLE,GNB
1281,WIG,LARQ,LRQ
1282,WIG,GROCLIN,GCN
1283,WIG,MIRBUD,MRB
1284,WIG,BOGDANKA,LWB
1285,WIG,KGL,KGL
1286,WIG,TSGAMES,TEN
1287,WIG,ASSECOSEE,ASE
1288,WIG,HERKULES,HRS
1289,WIG,LIBET,LBT
1290,WIG,OPONEO.PL,OPN
1291,WIG,PZU,PZU
1292,WIG,BORYSZEW,BRS
1293,WIG,AILLERON,ALL
1294,WIG,MFO,MFO
1295,WIG,DINOPL,DNP
1296,WIG,CORMAY,CRM
1297,WIG,ZREMB,ZRE
1298,WIG,CELTIC,CPD
1299,WIG,ASSECOPOL,ACP
1300,WIG,PRAGMAFA,PRF
1301,WIG,IPOPEMA,IPE
1302,WIG,EFEKT,EFK
1303,WIG,IMMOBILE,GKI
1304,WIG,PEP,PEP
1305,WIG,ORZBIALY,OBL
1306,WIG,CIGAMES,CIG
1307,WIG,POZBUD,POZ
1308,WIG_GAMES,TSGAMES,TEN
1309,WIG_GAMES,11BIT,11B
1310,WIG_GAMES,CDPROJEKT,CDR
1311,WIG_GAMES,PLAYWAY,PLW
1312,WIG_GAMES,CIGAMES,CIG
1313,WIG_MS_BAS,TAURONPE,TPE
1314,WIG_MS_BAS,PGE,PGE
1315,WIG_MS_BAS,JSW,JSW
1316,WIG_MS_BAS,KGHM,KGH
1317,WIG_MS_BAS,ENEA,ENA
1318,WIG_MS_FIN,PZU,PZU
1319,WIG_MS_FIN,PEKAO,PEO
1320,WIG_MS_FIN,ALIOR,ALR
1321,WIG_MS_FIN,PKOBP,PKO
1322,WIG_MS_FIN,SANPL,SPL
1323,WIG_MS_PET,CIECH,CIE
1324,WIG_MS_PET,PKNORLEN,PKN
1325,WIG_MS_PET,GRUPAAZOTY,ATT
1326,WIG_MS_PET,LOTOS,LTS
1327,WIG_MS_PET,PGNIG,PGN
1328,WIG20,CDPROJEKT,CDR
1329,WIG20,PZU,PZU
1330,WIG20,PKNORLEN,PKN
1331,WIG20,LPP,LPP
1332,WIG20,PGNIG,PGN
1333,WIG20,DINOPL,DNP
1334,WIG20,TAURONPE,TPE
1335,WIG20,PGE,PGE
1336,WIG20,MBANK,MBK
1337,WIG20,CYFRPLSAT,CPS
1338,WIG20,ALIOR,ALR
1339,WIG20,ORANGEPL,OPL
1340,WIG20,PLAY,PLY
1341,WIG20,CCC,CCC
1342,WIG20,PKOBP,PKO
1343,WIG20,PEKAO,PEO
1344,WIG20,JSW,JSW
1345,WIG20,KGHM,KGH
1346,WIG20,LOTOS,LTS
1347,WIG20,SANPL,SPL
1348,WIG30,CDPROJEKT,CDR
1349,WIG30,ENERGA,ENG
1350,WIG30,PZU,PZU
1351,WIG30,KRUK,KRU
1352,WIG30,AMREST,EAT
1353,WIG30,PKNORLEN,PKN
1354,WIG30,LPP,LPP
1355,WIG30,DINOPL,DNP
1356,WIG30,PGNIG,PGN
1357,WIG30,MILLENNIUM,MIL
1358,WIG30,TAURONPE,TPE
1359,WIG30,PGE,PGE
1360,WIG30,MBANK,MBK
1361,WIG30,GRUPAAZOTY,ATT
1362,WIG30,EUROCASH,EUR
1363,WIG30,CYFRPLSAT,CPS
1364,WIG30,KERNEL,KER
1365,WIG30,ALIOR,ALR
1366,WIG30,ORANGEPL,OPL
1367,WIG30,ENEA,ENA
1368,WIG30,PLAY,PLY
1369,WIG30,ASSECOPOL,ACP
1370,WIG30,CCC,CCC
1371,WIG30,PKOBP,PKO
1372,WIG30,INGBSK,ING
1373,WIG30,PEKAO,PEO
1374,WIG30,JSW,JSW
1375,WIG30,KGHM,KGH
1376,WIG30,LOTOS,LTS
1377,WIG30,SANPL,SPL
1378,WIGTECH,COMARCH,CMR
1379,WIGTECH,DATAWALK,DAT
1380,WIGTECH,CDPROJEKT,CDR
1381,WIGTECH,BETACOM,BCM
1382,WIGTECH,LSISOFT,LSI
1383,WIGTECH,LIVECHAT,LVC
1384,WIGTECH,ATENDE,ATD
1385,WIGTECH,BOOMBIT,BBT
1386,WIGTECH,AILLERON,ALL
1387,WIGTECH,ELZAB,ELZ
1388,WIGTECH,TBULL,TBL
1389,WIGTECH,NANOGROUP,NNG
1390,WIGTECH,WASKO,WAS
1391,WIGTECH,RYVU,RVU
1392,WIGTECH,R22,R22
1393,WIGTECH,GAMEOPS,GOP
1394,WIGTECH,OAT,OAT
1395,WIGTECH,PLAYWAY,PLW
1396,WIGTECH,SYGNITY,SGN
1397,WIGTECH,CYFRPLSAT,CPS
1398,WIGTECH,GAMFACTOR,GIF
1399,WIGTECH,SELVITA,SLV
1400,WIGTECH,TALEX,TLX
1401,WIGTECH,ORANGEPL,OPL
1402,WIGTECH,PGSSOFT,PSW
1403,WIGTECH,ARTIFEX,ART
1404,WIGTECH,PLAY,PLY
1405,WIGTECH,11BIT,11B
1406,WIGTECH,ASSECOPOL,ACP
1407,WIGTECH,OPTEAM,OPM
1408,WIGTECH,PBKM,BKM
1409,WIGTECH,ASSECOBS,ABS
1410,WIGTECH,COMP,CMP
1411,WIGTECH,TSGAMES,TEN
1412,WIGTECH,SYNEKTIK,SNT
1413,WIGTECH,ASSECOSEE,ASE
1414,WIGTECH,XTPL,XTP
1415,WIGTECH,NTTSYSTEM,NTT
1416,WIGTECH,NETIA,NET
1417,WIGTECH,SIMPLE,SME
1418,WIGTECH,ULTGAMES,ULG
1419,WIGTECH,IFIRMA,IFI
1420,WIGTECH,CIGAMES,CIG
