"","Indeks","Name","Ticker"
"1","WIG30","ALIOR","ALR"
"2","WIG30","ALLEGRO","ALE"
"3","WIG30","AMREST","EAT"
"4","WIG30","ASSECOPOL","ACP"
"5","WIG30","CCC","CCC"
"6","WIG30","CDPROJEKT","CDR"
"7","WIG30","CYFRPLSAT","CPS"
"8","WIG30","DINOPL","DNP"
"9","WIG30","ENEA","ENA"
"10","WIG30","EUROCASH","EUR"
"11","WIG30","GRUPAAZOTY","ATT"
"12","WIG30","INGBSK","ING"
"13","WIG30","JSW","JSW"
"14","WIG30","KERNEL","KER"
"15","WIG30","KGHM","KGH"
"16","WIG30","KRUK","KRU"
"17","WIG30","LOTOS","LTS"
"18","WIG30","LPP","LPP"
"19","WIG30","MBANK","MBK"
"20","WIG30","MILLENNIUM","MIL"
"21","WIG30","ORANGEPL","OPL"
"22","WIG30","PEKAO","PEO"
"23","WIG30","PGE","PGE"
"24","WIG30","PGNIG","PGN"
"25","WIG30","PKNORLEN","PKN"
"26","WIG30","PKOBP","PKO"
"27","WIG30","PLAY","PLY"
"28","WIG30","PZU","PZU"
"29","WIG30","SANPL","SPL"
"30","WIG30","TAURONPE","TPE"
"31","WIG20","ALIOR","ALR"
"32","WIG20","ALLEGRO","ALE"
"33","WIG20","CCC","CCC"
"34","WIG20","CDPROJEKT","CDR"
"35","WIG20","CYFRPLSAT","CPS"
"36","WIG20","DINOPL","DNP"
"37","WIG20","JSW","JSW"
"38","WIG20","KGHM","KGH"
"39","WIG20","LOTOS","LTS"
"40","WIG20","LPP","LPP"
"41","WIG20","ORANGEPL","OPL"
"42","WIG20","PEKAO","PEO"
"43","WIG20","PGE","PGE"
"44","WIG20","PGNIG","PGN"
"45","WIG20","PKNORLEN","PKN"
"46","WIG20","PKOBP","PKO"
"47","WIG20","PLAY","PLY"
"48","WIG20","PZU","PZU"
"49","WIG20","SANPL","SPL"
"50","WIG20","TAURONPE","TPE"
"51","WIG","06MAGNA","06N"
"52","WIG","11BIT","11B"
"53","WIG","4FUNMEDIA","4FM"
"54","WIG","ABPL","ABE"
"55","WIG","ACAUTOGAZ","ACG"
"56","WIG","ADIUVO","ADV"
"57","WIG","AGORA","AGO"
"58","WIG","AGROTON","AGT"
"59","WIG","AIGAMES","ALG"
"60","WIG","AILLERON","ALL"
"61","WIG","AIRWAY","AWM"
"62","WIG","ALIOR","ALR"
"63","WIG","ALLEGRO","ALE"
"64","WIG","ALTA","AAT"
"65","WIG","ALTUSTFI","ALI"
"66","WIG","ALUMETAL","AML"
"67","WIG","AMBRA","AMB"
"68","WIG","AMICA","AMC"
"69","WIG","AMREST","EAT"
"70","WIG","APATOR","APT"
"71","WIG","APLISENS","APN"
"72","WIG","APSENERGY","APE"
"73","WIG","ARCHICOM","ARH"
"74","WIG","ARCTIC","ATC"
"75","WIG","ARTERIA","ARR"
"76","WIG","ARTIFEX","ART"
"77","WIG","ASBIS","ASB"
"78","WIG","ASMGROUP","ASM"
"79","WIG","ASSECOBS","ABS"
"80","WIG","ASSECOPOL","ACP"
"81","WIG","ASSECOSEE","ASE"
"82","WIG","ASTARTA","AST"
"83","WIG","ATAL","1AT"
"84","WIG","ATENDE","ATD"
"85","WIG","ATLANTAPL","ATP"
"86","WIG","ATLANTIS","ATS"
"87","WIG","ATLASEST","ATL"
"88","WIG","ATMGRUPA","ATG"
"89","WIG","ATREM","ATR"
"90","WIG","AUGA","AUG"
"91","WIG","AUTOPARTN","APR"
"92","WIG","BAHOLDING","BAH"
"93","WIG","BBIDEV","BBD"
"94","WIG","BEDZIN","BDZ"
"95","WIG","BENEFIT","BFT"
"96","WIG","BETACOM","BCM"
"97","WIG","BIK","BIK"
"98","WIG","BIOMEDLUB","BML"
"99","WIG","BIOTON","BIO"
"100","WIG","BNPPPL","BNP"
"101","WIG","BOGDANKA","LWB"
"102","WIG","BOOMBIT","BBT"
"103","WIG","BORYSZEW","BRS"
"104","WIG","BOS","BOS"
"105","WIG","BOWIM","BOW"
"106","WIG","BUDIMEX","BDX"
"107","WIG","BUMECH","BMC"
"108","WIG","CCC","CCC"
"109","WIG","CDPROJEKT","CDR"
"110","WIG","CDRL","CDL"
"111","WIG","CELTIC","CPD"
"112","WIG","CEZ","CEZ"
"113","WIG","CIECH","CIE"
"114","WIG","CIGAMES","CIG"
"115","WIG","CITYSERV","CTS"
"116","WIG","CLNPHARMA","CLN"
"117","WIG","CNT","CNT"
"118","WIG","COALENERG","CLE"
"119","WIG","COGNOR","COG"
"120","WIG","COMARCH","CMR"
"121","WIG","COMP","CMP"
"122","WIG","CORMAY","CRM"
"123","WIG","CPGROUP","CPG"
"124","WIG","CYFRPLSAT","CPS"
"125","WIG","DATAWALK","DAT"
"126","WIG","DEBICA","DBC"
"127","WIG","DECORA","DCR"
"128","WIG","DEKPOL","DEK"
"129","WIG","DELKO","DEL"
"130","WIG","DEVELIA","DVL"
"131","WIG","DINOPL","DNP"
"132","WIG","DOMDEV","DOM"
"133","WIG","ECHO","ECH"
"134","WIG","EDINVEST","EDI"
"135","WIG","EFEKT","EFK"
"136","WIG","EKOEXPORT","EEX"
"137","WIG","ELEKTROTI","ELT"
"138","WIG","ELKOP","EKP"
"139","WIG","ELZAB","ELZ"
"140","WIG","ENAP","ENP"
"141","WIG","ENEA","ENA"
"142","WIG","ENELMED","ENE"
"143","WIG","ENERGA","ENG"
"144","WIG","ENTER","ENT"
"145","WIG","ERBUD","ERB"
"146","WIG","ERG","ERG"
"147","WIG","ESOTIQ","EAH"
"148","WIG","EUCO","EUC"
"149","WIG","EUROCASH","EUR"
"150","WIG","EUROHOLD","EHG"
"151","WIG","EUROTEL","ETL"
"152","WIG","FAMUR","FMF"
"153","WIG","FASING","FSG"
"154","WIG","FEERUM","FEE"
"155","WIG","FERRO","FRO"
"156","WIG","FERRUM","FER"
"157","WIG","FON","FON"
"158","WIG","FORTE","FTE"
"159","WIG","GAMEOPS","GOP"
"160","WIG","GAMFACTOR","GIF"
"161","WIG","GETIN","GTN"
"162","WIG","GETINOBLE","GNB"
"163","WIG","GLCOSMED","GLC"
"164","WIG","GPW","GPW"
"165","WIG","GROCLIN","GCN"
"166","WIG","GRODNO","GRN"
"167","WIG","GRUPAAZOTY","ATT"
"168","WIG","GTC","GTC"
"169","WIG","HANDLOWY","BHW"
"170","WIG","HARPER","HRP"
"171","WIG","HELIO","HEL"
"172","WIG","HERKULES","HRS"
"173","WIG","HYDROTOR","HDR"
"174","WIG","I2DEV","I2D"
"175","WIG","IDEABANK","IDA"
"176","WIG","IFIRMA","IFI"
"177","WIG","IIAAV","IIA"
"178","WIG","IMCOMPANY","IMC"
"179","WIG","IMMOBILE","GKI"
"180","WIG","IMS","IMS"
"181","WIG","INC","INC"
"182","WIG","INGBSK","ING"
"183","WIG","INPRO","INP"
"184","WIG","INSTALKRK","INK"
"185","WIG","INTERAOLT","IRL"
"186","WIG","INTERCARS","CAR"
"187","WIG","INTERFERI","INF"
"188","WIG","INTERSPPL","IPO"
"189","WIG","INTROL","INL"
"190","WIG","IPOPEMA","IPE"
"191","WIG","IZOBLOK","IZB"
"192","WIG","IZOSTAL","IZS"
"193","WIG","JSW","JSW"
"194","WIG","K2INTERNT","K2I"
"195","WIG","KCI","KCI"
"196","WIG","KERNEL","KER"
"197","WIG","KETY","KTY"
"198","WIG","KGHM","KGH"
"199","WIG","KGL","KGL"
"200","WIG","KINOPOL","KPL"
"201","WIG","KOGENERA","KGN"
"202","WIG","KOMPAP","KMP"
"203","WIG","KPPD","KPD"
"204","WIG","KREC","KRC"
"205","WIG","KRKA","KRK"
"206","WIG","KRUK","KRU"
"207","WIG","KRUSZWICA","KSW"
"208","WIG","KRVITAMIN","KVT"
"209","WIG","KSGAGRO","KSG"
"210","WIG","LARQ","LRQ"
"211","WIG","LENA","LEN"
"212","WIG","LENTEX","LTX"
"213","WIG","LIBET","LBT"
"214","WIG","LIVECHAT","LVC"
"215","WIG","LOKUM","LKD"
"216","WIG","LOTOS","LTS"
"217","WIG","LPP","LPP"
"218","WIG","LSISOFT","LSI"
"219","WIG","LUBAWA","LBW"
"220","WIG","MABION","MAB"
"221","WIG","MAKARONPL","MAK"
"222","WIG","MANGATA","MGT"
"223","WIG","MARVIPOL","MVP"
"224","WIG","MASTERPHA","MPH"
"225","WIG","MAXCOM","MXC"
"226","WIG","MBANK","MBK"
"227","WIG","MBWS","MBW"
"228","WIG","MCI","MCI"
"229","WIG","MDIENERGIA","MDI"
"230","WIG","MEDIACAP","MCP"
"231","WIG","MEDICALG","MDG"
"232","WIG","MENNICA","MNC"
"233","WIG","MERCATOR","MRC"
"234","WIG","MERCOR","MCR"
"235","WIG","MEXPOLSKA","MEX"
"236","WIG","MFO","MFO"
"237","WIG","MILLENNIUM","MIL"
"238","WIG","MIRACULUM","MIR"
"239","WIG","MIRBUD","MRB"
"240","WIG","MLPGROUP","MLG"
"241","WIG","MLSYSTEM","MLS"
"242","WIG","MOJ","MOJ"
"243","WIG","MOL","MOL"
"244","WIG","MONNARI","MON"
"245","WIG","MOSTALPLC","MSP"
"246","WIG","MOSTALWAR","MSW"
"247","WIG","MOSTALZAB","MSZ"
"248","WIG","MWTRADE","MWT"
"249","WIG","NANOGROUP","NNG"
"250","WIG","NETIA","NET"
"251","WIG","NEUCA","NEU"
"252","WIG","NEWAG","NWG"
"253","WIG","NEXITY","NXG"
"254","WIG","NOVATURAS","NTU"
"255","WIG","NOVAVISGR","NVG"
"256","WIG","NTTSYSTEM","NTT"
"257","WIG","OAT","OAT"
"258","WIG","ODLEWNIE","ODL"
"259","WIG","OEX","OEX"
"260","WIG","OPONEO.PL","OPN"
"261","WIG","OPTEAM","OPM"
"262","WIG","ORANGEPL","OPL"
"263","WIG","ORZBIALY","OBL"
"264","WIG","OTLOG","OTS"
"265","WIG","OTMUCHOW","OTM"
"266","WIG","OVOSTAR","OVO"
"267","WIG","PAMAPOL","PMP"
"268","WIG","PANOVA","NVA"
"269","WIG","PATENTUS","PAT"
"270","WIG","PBKM","BKM"
"271","WIG","PCCROKITA","PCR"
"272","WIG","PEKABEX","PBX"
"273","WIG","PEKAO","PEO"
"274","WIG","PEMANAGER","PEM"
"275","WIG","PEP","PEP"
"276","WIG","PEPEES","PPS"
"277","WIG","PGE","PGE"
"278","WIG","PGNIG","PGN"
"279","WIG","PGO","PGO"
"280","WIG","PGSSOFT","PSW"
"281","WIG","PHARMENA","PHR"
"282","WIG","PHN","PHN"
"283","WIG","PKNORLEN","PKN"
"284","WIG","PKOBP","PKO"
"285","WIG","PKPCARGO","PKP"
"286","WIG","PLASTBOX","PLX"
"287","WIG","PLAY","PLY"
"288","WIG","PLAYWAY","PLW"
"289","WIG","PMPG","PGM"
"290","WIG","POLICE","PCE"
"291","WIG","POLIMEXMS","PXM"
"292","WIG","POLWAX","PWX"
"293","WIG","POZBUD","POZ"
"294","WIG","PRAGMAFA","PRF"
"295","WIG","PRAGMAINK","PRI"
"296","WIG","PRAIRIE","PDZ"
"297","WIG","PROCHEM","PRM"
"298","WIG","PROJPRZEM","PJP"
"299","WIG","PROTEKTOR","PRT"
"300","WIG","PROVIDENT","IPF"
"301","WIG","PUNKPIRAT","PUN"
"302","WIG","PZU","PZU"
"303","WIG","QUERCUS","QRS"
"304","WIG","R22","R22"
"305","WIG","RADPOL","RDL"
"306","WIG","RAFAMET","RAF"
"307","WIG","RAINBOW","RBW"
"308","WIG","RANKPROGR","RNK"
"309","WIG","RAWLPLUG","RWL"
"310","WIG","RELPOL","RLP"
"311","WIG","REMAK","RMK"
"312","WIG","RONSON","RON"
"313","WIG","ROPCZYCE","RPC"
"314","WIG","RYVU","RVU"
"315","WIG","SANOK","SNK"
"316","WIG","SANPL","SPL"
"317","WIG","SANTANDER","SAN"
"318","WIG","SANWIL","SNW"
"319","WIG","SECOGROUP","SWG"
"320","WIG","SEKO","SEK"
"321","WIG","SELENAFM","SEL"
"322","WIG","SELVITA","SLV"
"323","WIG","SERINUS","SEN"
"324","WIG","SILVAIR-REGS","SVRS"
"325","WIG","SILVANO","SFG"
"326","WIG","SIMPLE","SME"
"327","WIG","SKARBIEC","SKH"
"328","WIG","SKOTAN","SKT"
"329","WIG","SNIEZKA","SKA"
"330","WIG","SOLAR","SOL"
"331","WIG","SONEL","SON"
"332","WIG","SOPHARMA","SPH"
"333","WIG","STALEXP","STX"
"334","WIG","STALPROD","STP"
"335","WIG","STALPROFI","STF"
"336","WIG","STAPORKOW","ZUK"
"337","WIG","SUNEX","SNX"
"338","WIG","SUWARY","SUW"
"339","WIG","SWISSMED","SWD"
"340","WIG","SYGNITY","SGN"
"341","WIG","SYNEKTIK","SNT"
"342","WIG","TALANX","TNX"
"343","WIG","TALEX","TLX"
"344","WIG","TATRY","TMR"
"345","WIG","TAURONPE","TPE"
"346","WIG","TBULL","TBL"
"347","WIG","TESGAS","TSG"
"348","WIG","TIM","TIM"
"349","WIG","TORPOL","TOR"
"350","WIG","TOWERINVT","TOW"
"351","WIG","TOYA","TOA"
"352","WIG","TRAKCJA","TRK"
"353","WIG","TRANSPOL","TRN"
"354","WIG","TRITON","TRI"
"355","WIG","TSGAMES","TEN"
"356","WIG","ULMA","ULM"
"357","WIG","ULTGAMES","ULG"
"358","WIG","UNIBEP","UNI"
"359","WIG","UNICREDIT","UCG"
"360","WIG","UNIMOT","UNT"
"361","WIG","VENTUREIN","VTI"
"362","WIG","VIGOSYS","VGO"
"363","WIG","VINDEXUS","VIN"
"364","WIG","VISTAL","VTL"
"365","WIG","VOTUM","VOT"
"366","WIG","VOXEL","VOX"
"367","WIG","VRG","VRG"
"368","WIG","WARIMPEX","WXF"
"369","WIG","WASKO","WAS"
"370","WIG","WAWEL","WWL"
"371","WIG","WIELTON","WLT"
"372","WIG","WIKANA","WIK"
"373","WIG","WIRTUALNA","WPL"
"374","WIG","WITTCHEN","WTN"
"375","WIG","WOJAS","WOJ"
"376","WIG","WORKSERV","WSE"
"377","WIG","XTB","XTB"
"378","WIG","XTPL","XTP"
"379","WIG","ZAMET","ZMT"
"380","WIG","ZEPAK","ZEP"
"381","WIG","ZPUE","PUE"
"382","WIG","ZREMB","ZRE"
"383","WIG","ZUE","ZUE"
"384","MWIG40","11BIT","11B"
"385","MWIG40","AMICA","AMC"
"386","MWIG40","AMREST","EAT"
"387","MWIG40","ASSECOPOL","ACP"
"388","MWIG40","ASSECOSEE","ASE"
"389","MWIG40","BENEFIT","BFT"
"390","MWIG40","BIOMEDLUB","BML"
"391","MWIG40","BNPPPL","BNP"
"392","MWIG40","BUDIMEX","BDX"
"393","MWIG40","CIECH","CIE"
"394","MWIG40","CLNPHARMA","CLN"
"395","MWIG40","COMARCH","CMR"
"396","MWIG40","DATAWALK","DAT"
"397","MWIG40","DEVELIA","DVL"
"398","MWIG40","DOMDEV","DOM"
"399","MWIG40","ECHO","ECH"
"400","MWIG40","ENEA","ENA"
"401","MWIG40","ENERGA","ENG"
"402","MWIG40","EUROCASH","EUR"
"403","MWIG40","FAMUR","FMF"
"404","MWIG40","GPW","GPW"
"405","MWIG40","GRUPAAZOTY","ATT"
"406","MWIG40","GTC","GTC"
"407","MWIG40","HANDLOWY","BHW"
"408","MWIG40","INGBSK","ING"
"409","MWIG40","INTERCARS","CAR"
"410","MWIG40","KERNEL","KER"
"411","MWIG40","KETY","KTY"
"412","MWIG40","KRUK","KRU"
"413","MWIG40","LIVECHAT","LVC"
"414","MWIG40","MABION","MAB"
"415","MWIG40","MBANK","MBK"
"416","MWIG40","MERCATOR","MRC"
"417","MWIG40","MILLENNIUM","MIL"
"418","MWIG40","NEUCA","NEU"
"419","MWIG40","PKPCARGO","PKP"
"420","MWIG40","PLAYWAY","PLW"
"421","MWIG40","TSGAMES","TEN"
"422","MWIG40","WIRTUALNA","WPL"
"423","MWIG40","XTB","XTB"
"424","SWIG80","ABPL","ABE"
"425","SWIG80","ACAUTOGAZ","ACG"
"426","SWIG80","AGORA","AGO"
"427","SWIG80","AIRWAY","AWM"
"428","SWIG80","ALUMETAL","AML"
"429","SWIG80","AMBRA","AMB"
"430","SWIG80","APATOR","APT"
"431","SWIG80","ARCHICOM","ARH"
"432","SWIG80","ARCTIC","ATC"
"433","SWIG80","ASBIS","ASB"
"434","SWIG80","ASSECOBS","ABS"
"435","SWIG80","ASTARTA","AST"
"436","SWIG80","ATAL","1AT"
"437","SWIG80","ATMGRUPA","ATG"
"438","SWIG80","AUTOPARTN","APR"
"439","SWIG80","BIOTON","BIO"
"440","SWIG80","BOGDANKA","LWB"
"441","SWIG80","BOOMBIT","BBT"
"442","SWIG80","BORYSZEW","BRS"
"443","SWIG80","BOS","BOS"
"444","SWIG80","CIGAMES","CIG"
"445","SWIG80","COMP","CMP"
"446","SWIG80","CORMAY","CRM"
"447","SWIG80","CPGROUP","CPG"
"448","SWIG80","DEBICA","DBC"
"449","SWIG80","EKOEXPORT","EEX"
"450","SWIG80","ENTER","ENT"
"451","SWIG80","FERRO","FRO"
"452","SWIG80","FORTE","FTE"
"453","SWIG80","GETIN","GTN"
"454","SWIG80","GETINOBLE","GNB"
"455","SWIG80","GLCOSMED","GLC"
"456","SWIG80","GRODNO","GRN"
"457","SWIG80","HARPER","HRP"
"458","SWIG80","IDEABANK","IDA"
"459","SWIG80","INC","INC"
"460","SWIG80","INTERAOLT","IRL"
"461","SWIG80","KOGENERA","KGN"
"462","SWIG80","KRUSZWICA","KSW"
"463","SWIG80","LENTEX","LTX"
"464","SWIG80","LUBAWA","LBW"
"465","SWIG80","MCI","MCI"
"466","SWIG80","MEDICALG","MDG"
"467","SWIG80","MENNICA","MNC"
"468","SWIG80","MIRBUD","MRB"
"469","SWIG80","MLPGROUP","MLG"
"470","SWIG80","MLSYSTEM","MLS"
"471","SWIG80","NETIA","NET"
"472","SWIG80","NEWAG","NWG"
"473","SWIG80","OAT","OAT"
"474","SWIG80","OPONEO.PL","OPN"
"475","SWIG80","PBKM","BKM"
"476","SWIG80","PCCROKITA","PCR"
"477","SWIG80","PEKABEX","PBX"
"478","SWIG80","PEP","PEP"
"479","SWIG80","PGSSOFT","PSW"
"480","SWIG80","PHN","PHN"
"481","SWIG80","POLICE","PCE"
"482","SWIG80","POLIMEXMS","PXM"
"483","SWIG80","R22","R22"
"484","SWIG80","RAINBOW","RBW"
"485","SWIG80","RYVU","RVU"
"486","SWIG80","SANOK","SNK"
"487","SWIG80","SELVITA","SLV"
"488","SWIG80","SNIEZKA","SKA"
"489","SWIG80","STALEXP","STX"
"490","SWIG80","STALPROD","STP"
"491","SWIG80","TIM","TIM"
"492","SWIG80","TORPOL","TOR"
"493","SWIG80","TOYA","TOA"
"494","SWIG80","TRAKCJA","TRK"
"495","SWIG80","ULTGAMES","ULG"
"496","SWIG80","UNIMOT","UNT"
"497","SWIG80","VIGOSYS","VGO"
"498","SWIG80","VOXEL","VOX"
"499","SWIG80","VRG","VRG"
"500","SWIG80","WAWEL","WWL"
"501","SWIG80","WIELTON","WLT"
"502","SWIG80","WORKSERV","WSE"
"503","SWIG80","ZEPAK","ZEP"
"504","NCINDEX","01CYBATON","01C"
"505","NCINDEX","2INTELLECT","2IT"
"506","NCINDEX","4MASS","4MS"
"507","NCINDEX","7FIT","7FT"
"508","NCINDEX","ABSINVEST","AIN"
"509","NCINDEX","ACKERMAN","ACK"
"510","NCINDEX","ACREBIT","ACR"
"511","NCINDEX","ADATEX","ADX"
"512","NCINDEX","ADVERTIGO","AVE"
"513","NCINDEX","AFHOL","AFH"
"514","NCINDEX","AGROLIGA","AGL"
"515","NCINDEX","AITON","AIT"
"516","NCINDEX","AKCEPTFIN","AFC"
"517","NCINDEX","ALUMAST","ALU"
"518","NCINDEX","ANALIZY","AOL"
"519","NCINDEX","APS","APS"
"520","NCINDEX","AQUABB","AQU"
"521","NCINDEX","AQUATECH","AQT"
"522","NCINDEX","ARTGAMES","ARG"
"523","NCINDEX","ARTP","TYP"
"524","NCINDEX","ASTRO","ASR"
"525","NCINDEX","ATCCARGO","ATA"
"526","NCINDEX","AUXILIA","AUX_"
"527","NCINDEX","AZTEC","AZC"
"528","NCINDEX","BBINWEST","BBA"
"529","NCINDEX","BERGHOLDI","BRH"
"530","NCINDEX","BETOMAX","BTX"
"531","NCINDEX","BIOERG","BER"
"532","NCINDEX","BIOMASS","BEP"
"533","NCINDEX","BIOMAXIMA","BMX"
"534","NCINDEX","BIOPLANET","BIP"
"535","NCINDEX","BITEVIL","BIT"
"536","NCINDEX","BIZTECH","BTK"
"537","NCINDEX","BLACKPOIN","BPN"
"538","NCINDEX","BLKCHNLAB","BTC"
"539","NCINDEX","BLOOBER","BLO"
"540","NCINDEX","BLUMERANG","BLU"
"541","NCINDEX","BORUTA","BRU"
"542","NCINDEX","BPC","BPC"
"543","NCINDEX","BPX","BPX"
"544","NCINDEX","BRAND24","B24"
"545","NCINDEX","BRAS","BSA"
"546","NCINDEX","BVT","BVT"
"547","NCINDEX","CANNABIS","CBD"
"548","NCINDEX","CARBONSTU","CRB"
"549","NCINDEX","CARLSON","CAI"
"550","NCINDEX","CARPATHIA","CRC"
"551","NCINDEX","CASPAR","CSR"
"552","NCINDEX","CCS","CCS"
"553","NCINDEX","CENTURION","CTF"
"554","NCINDEX","CFG","CFG"
"555","NCINDEX","CFSA","CFS"
"556","NCINDEX","CHERRY","CHP"
"557","NCINDEX","CIASTZKRA","CZK"
"558","NCINDEX","CLOUD","CLD"
"559","NCINDEX","CMI","CMI"
"560","NCINDEX","COLUMBUS","CLC"
"561","NCINDEX","COMECO","CMC"
"562","NCINDEX","COPERNIC","CRS"
"563","NCINDEX","CORELENS","COR"
"564","NCINDEX","CREEPYJAR","CRJ"
"565","NCINDEX","DANKS","DNS"
"566","NCINDEX","DBENERGY","DBE"
"567","NCINDEX","DDISTANCE","DDI"
"568","NCINDEX","DEKTRA","DKR"
"569","NCINDEX","DEVORAN","DEV"
"570","NCINDEX","DIGITAL","DGL"
"571","NCINDEX","DITIX","DTX"
"572","NCINDEX","DOOK","DOK"
"573","NCINDEX","DRAGEUS","DRG"
"574","NCINDEX","DUALITY","DUA"
"575","NCINDEX","EC2","EC2"
"576","NCINDEX","ECCGAMES","ECC"
"577","NCINDEX","EFENERGII","EFE"
"578","NCINDEX","EKIOSK","EKS"
"579","NCINDEX","EKOBOX","EBX"
"580","NCINDEX","EKOPARK","EPR"
"581","NCINDEX","EKOPOL","EGH"
"582","NCINDEX","EMTASIA","EMA"
"583","NCINDEX","EMUZYKA","EMU"
"584","NCINDEX","EONET","EON"
"585","NCINDEX","EUROSNACK","ECK"
"586","NCINDEX","EXAMOBILE","EXA"
"587","NCINDEX","FALCON","FLG"
"588","NCINDEX","FARM51","F51"
"589","NCINDEX","FHDOM","FHD"
"590","NCINDEX","FIGENE","FIG"
"591","NCINDEX","FINVENTUR","FIV"
"592","NCINDEX","FOREVEREN","FOR"
"593","NCINDEX","FOTOVOLT","FVE"
"594","NCINDEX","GALVO","GAL"
"595","NCINDEX","GENOMED","GEN"
"596","NCINDEX","GENRG","GNG"
"597","NCINDEX","GENXONE","GX1"
"598","NCINDEX","GEOTRANS","GTS"
"599","NCINDEX","GOLAB","GOL"
"600","NCINDEX","GREMPCO","GRM"
"601","NCINDEX","GRMEDIA","GME"
"602","NCINDEX","GRUPAREC","GRC"
"603","NCINDEX","H4F","H4F"
"604","NCINDEX","HEMP","HMP"
"605","NCINDEX","HORNIGOLD","HRL"
"606","NCINDEX","HORTICO","HOR"
"607","NCINDEX","HURTIMEX","HRT"
"608","NCINDEX","IGORIA","IGT"
"609","NCINDEX","IMAGIS","IMG"
"610","NCINDEX","INBOOK","INB"
"611","NCINDEX","INFOSCAN","IST"
"612","NCINDEX","INNOGENE","IGN"
"613","NCINDEX","INTELIWIS","ITL"
"614","NCINDEX","INTERNITY","INT"
"615","NCINDEX","INVENTION","INM"
"616","NCINDEX","INVESTEKO","IVE"
"617","NCINDEX","ISIAG","ISG"
"618","NCINDEX","JRHOLDING","JRH"
"619","NCINDEX","JUJUBEE","JJB"
"620","NCINDEX","JWA","JWA"
"621","NCINDEX","KANCELWEC","KPI"
"622","NCINDEX","KBJ","KBJ"
"623","NCINDEX","KLABATER","KBT"
"624","NCINDEX","KLON","KLN"
"625","NCINDEX","KORBANK","KOR"
"626","NCINDEX","KUPIEC","KPC"
"627","NCINDEX","LETUS","LET"
"628","NCINDEX","LGTRADE","LGT"
"629","NCINDEX","LUG","LUG"
"630","NCINDEX","MADKOM","MAD"
"631","NCINDEX","MAKOLAB","MLB"
"632","NCINDEX","MALKOWSKI","MMA"
"633","NCINDEX","MAXIPIZZA","MXP"
"634","NCINDEX","MBFGROUP","MBF"
"635","NCINDEX","MEDAPP","MDA"
"636","NCINDEX","MEDCAMP","MDP"
"637","NCINDEX","MEDIANPOL","MDN"
"638","NCINDEX","MEDINICE","ICE"
"639","NCINDEX","MENNICASK","MNS"
"640","NCINDEX","MERA","MER"
"641","NCINDEX","MFOOD","MFD"
"642","NCINDEX","MILKPOL","MLP"
"643","NCINDEX","MODE","MOE"
"644","NCINDEX","MOONLIT","MLT"
"645","NCINDEX","MOVIEGAMES","MOV"
"646","NCINDEX","MPLVERBUM","VER"
"647","NCINDEX","NEPTIS","YAN"
"648","NCINDEX","NGGAMES","NGG"
"649","NCINDEX","NOTORIA","NTS"
"650","NCINDEX","NOVAVIS","NVV"
"651","NCINDEX","NWAI","NWA"
"652","NCINDEX","ONEMORE","OML"
"653","NCINDEX","OVIDWORKS","OVI"
"654","NCINDEX","OXYGEN","OXY"
"655","NCINDEX","PARCELTEC","PTE"
"656","NCINDEX","PARTNER","PRN_"
"657","NCINDEX","PASSUS","PAS"
"658","NCINDEX","PBGAMES","PBT"
"659","NCINDEX","PHOTON","PEN"
"660","NCINDEX","PLANETB2B","P2B"
"661","NCINDEX","PLANTWEAR","PNW"
"662","NCINDEX","PLATIGE","PLI"
"663","NCINDEX","POINTPACK","PNT"
"664","NCINDEX","POLARISIT","PIT"
"665","NCINDEX","POLMAN","PLM"
"666","NCINDEX","POLTRONIC","PTN"
"667","NCINDEX","POLYSLASH","PSH"
"668","NCINDEX","PRESENT24","P24"
"669","NCINDEX","PROLOG","PRL"
"670","NCINDEX","PRYMUS","PRS"
"671","NCINDEX","PTWP","PTW"
"672","NCINDEX","PURE","PUR"
"673","NCINDEX","PYLON","PYL"
"674","NCINDEX","PYRAMID","PDG"
"675","NCINDEX","QUARTICON","QON"
"676","NCINDEX","QUBICGMS","QUB"
"677","NCINDEX","READGENE","RDG"
"678","NCINDEX","REDDEV","RDS"
"679","NCINDEX","REMORSOL","RSP"
"680","NCINDEX","ROBINSON","RBS"
"681","NCINDEX","SCPFL","SCP"
"682","NCINDEX","SEVENET","SEV"
"683","NCINDEX","SFD","SFD"
"684","NCINDEX","SFERANET","SFN"
"685","NCINDEX","SHOCKWORK","SWK"
"686","NCINDEX","SIMFABRIC","SIM"
"687","NCINDEX","SOFTBLUE","SBE"
"688","NCINDEX","SONKA","SOK"
"689","NCINDEX","STANDREW","STD"
"690","NCINDEX","STARWARD","STA"
"691","NCINDEX","STEMCELLS","SCS"
"692","NCINDEX","SUNTECH","SUN"
"693","NCINDEX","SWALLET","SWT"
"694","NCINDEX","TECHINVGR","TIG"
"695","NCINDEX","TELEMEDPL","TMP"
"696","NCINDEX","TELESTR","TLS"
"697","NCINDEX","TELGAM","TLG"
"698","NCINDEX","TELIANI","TLV"
"699","NCINDEX","TERMO2PWR","T2P"
"700","NCINDEX","THEDUST","THD"
"701","NCINDEX","TLTENNIS","TLT"
"702","NCINDEX","UHYECA","ECA"
"703","NCINDEX","UNITED","UTD"
"704","NCINDEX","VARSAV","VAR"
"705","NCINDEX","VERBICOM","VRB"
"706","NCINDEX","WIERZYCL","WRL"
"707","NCINDEX","WODKAN","WOD"
"708","WIG-BANKI","ALIOR","ALR"
"709","WIG-BANKI","BNPPPL","BNP"
"710","WIG-BANKI","BOS","BOS"
"711","WIG-BANKI","GETIN","GTN"
"712","WIG-BANKI","GETINOBLE","GNB"
"713","WIG-BANKI","HANDLOWY","BHW"
"714","WIG-BANKI","IDEABANK","IDA"
"715","WIG-BANKI","INGBSK","ING"
"716","WIG-BANKI","MBANK","MBK"
"717","WIG-BANKI","MILLENNIUM","MIL"
"718","WIG-BANKI","PEKAO","PEO"
"719","WIG-BANKI","PKOBP","PKO"
"720","WIG-BANKI","SANPL","SPL"
"721","WIG-BANKI","SANTANDER","SAN"
"722","WIG-BANKI","UNICREDIT","UCG"
"723","WIG-BUDOW","ATREM","ATR"
"724","WIG-BUDOW","BUDIMEX","BDX"
"725","WIG-BUDOW","CNT","CNT"
"726","WIG-BUDOW","DECORA","DCR"
"727","WIG-BUDOW","DEKPOL","DEK"
"728","WIG-BUDOW","ELEKTROTI","ELT"
"729","WIG-BUDOW","ENAP","ENP"
"730","WIG-BUDOW","ERBUD","ERB"
"731","WIG-BUDOW","FERRO","FRO"
"732","WIG-BUDOW","HERKULES","HRS"
"733","WIG-BUDOW","INSTALKRK","INK"
"734","WIG-BUDOW","LENTEX","LTX"
"735","WIG-BUDOW","LIBET","LBT"
"736","WIG-BUDOW","MDIENERGIA","MDI"
"737","WIG-BUDOW","MERCOR","MCR"
"738","WIG-BUDOW","MFO","MFO"
"739","WIG-BUDOW","MIRBUD","MRB"
"740","WIG-BUDOW","MOSTALPLC","MSP"
"741","WIG-BUDOW","MOSTALWAR","MSW"
"742","WIG-BUDOW","MOSTALZAB","MSZ"
"743","WIG-BUDOW","PANOVA","NVA"
"744","WIG-BUDOW","PEKABEX","PBX"
"745","WIG-BUDOW","POLIMEXMS","PXM"
"746","WIG-BUDOW","POZBUD","POZ"
"747","WIG-BUDOW","PROCHEM","PRM"
"748","WIG-BUDOW","PROJPRZEM","PJP"
"749","WIG-BUDOW","REMAK","RMK"
"750","WIG-BUDOW","ROPCZYCE","RPC"
"751","WIG-BUDOW","SELENAFM","SEL"
"752","WIG-BUDOW","SNIEZKA","SKA"
"753","WIG-BUDOW","TESGAS","TSG"
"754","WIG-BUDOW","TORPOL","TOR"
"755","WIG-BUDOW","TRAKCJA","TRK"
"756","WIG-BUDOW","ULMA","ULM"
"757","WIG-BUDOW","UNIBEP","UNI"
"758","WIG-BUDOW","VISTAL","VTL"
"759","WIG-BUDOW","ZUE","ZUE"
"760","WIG-CHEMIA","CIECH","CIE"
"761","WIG-CHEMIA","GRUPAAZOTY","ATT"
"762","WIG-CHEMIA","PCCROKITA","PCR"
"763","WIG-CHEMIA","POLICE","PCE"
"764","WIG-CHEMIA","POLWAX","PWX"
"765","WIG-NRCHOM","ALTA","AAT"
"766","WIG-NRCHOM","ARCHICOM","ARH"
"767","WIG-NRCHOM","ATAL","1AT"
"768","WIG-NRCHOM","ATLASEST","ATL"
"769","WIG-NRCHOM","BBIDEV","BBD"
"770","WIG-NRCHOM","BIK","BIK"
"771","WIG-NRCHOM","CELTIC","CPD"
"772","WIG-NRCHOM","CPGROUP","CPG"
"773","WIG-NRCHOM","DEVELIA","DVL"
"774","WIG-NRCHOM","DOMDEV","DOM"
"775","WIG-NRCHOM","ECHO","ECH"
"776","WIG-NRCHOM","EDINVEST","EDI"
"777","WIG-NRCHOM","ELKOP","EKP"
"778","WIG-NRCHOM","GTC","GTC"
"779","WIG-NRCHOM","I2DEV","I2D"
"780","WIG-NRCHOM","IIAAV","IIA"
"781","WIG-NRCHOM","INPRO","INP"
"782","WIG-NRCHOM","LOKUM","LKD"
"783","WIG-NRCHOM","MARVIPOL","MVP"
"784","WIG-NRCHOM","MLPGROUP","MLG"
"785","WIG-NRCHOM","PHN","PHN"
"786","WIG-NRCHOM","RANKPROGR","RNK"
"787","WIG-NRCHOM","RONSON","RON"
"788","WIG-NRCHOM","TOWERINVT","TOW"
"789","WIG-NRCHOM","TRITON","TRI"
"790","WIG-NRCHOM","WARIMPEX","WXF"
"791","WIG-NRCHOM","WIKANA","WIK"
"792","WIG-ENERG","BEDZIN","BDZ"
"793","WIG-ENERG","CEZ","CEZ"
"794","WIG-ENERG","ENEA","ENA"
"795","WIG-ENERG","ENERGA","ENG"
"796","WIG-ENERG","INTERAOLT","IRL"
"797","WIG-ENERG","KOGENERA","KGN"
"798","WIG-ENERG","MLSYSTEM","MLS"
"799","WIG-ENERG","PEP","PEP"
"800","WIG-ENERG","PGE","PGE"
"801","WIG-ENERG","TAURONPE","TPE"
"802","WIG-ENERG","ZEPAK","ZEP"
"803","WIG-INFO","AILLERON","ALL"
"804","WIG-INFO","ASSECOBS","ABS"
"805","WIG-INFO","ASSECOPOL","ACP"
"806","WIG-INFO","ASSECOSEE","ASE"
"807","WIG-INFO","ATENDE","ATD"
"808","WIG-INFO","BETACOM","BCM"
"809","WIG-INFO","COMARCH","CMR"
"810","WIG-INFO","COMP","CMP"
"811","WIG-INFO","DATAWALK","DAT"
"812","WIG-INFO","ELZAB","ELZ"
"813","WIG-INFO","IFIRMA","IFI"
"814","WIG-INFO","LIVECHAT","LVC"
"815","WIG-INFO","LSISOFT","LSI"
"816","WIG-INFO","NTTSYSTEM","NTT"
"817","WIG-INFO","OPTEAM","OPM"
"818","WIG-INFO","PGSSOFT","PSW"
"819","WIG-INFO","SILVAIR-REGS","SVRS"
"820","WIG-INFO","SIMPLE","SME"
"821","WIG-INFO","SYGNITY","SGN"
"822","WIG-INFO","TALEX","TLX"
"823","WIG-INFO","WASKO","WAS"
"824","WIG-MEDIA","4FUNMEDIA","4FM"
"825","WIG-MEDIA","AGORA","AGO"
"826","WIG-MEDIA","ASMGROUP","ASM"
"827","WIG-MEDIA","ATMGRUPA","ATG"
"828","WIG-MEDIA","IMS","IMS"
"829","WIG-MEDIA","KCI","KCI"
"830","WIG-MEDIA","KINOPOL","KPL"
"831","WIG-MEDIA","LARQ","LRQ"
"832","WIG-MEDIA","MEDIACAP","MCP"
"833","WIG-MEDIA","PMPG","PGM"
"834","WIG-MEDIA","WIRTUALNA","WPL"
"835","WIG-PALIWA","LOTOS","LTS"
"836","WIG-PALIWA","MOL","MOL"
"837","WIG-PALIWA","PGNIG","PGN"
"838","WIG-PALIWA","PKNORLEN","PKN"
"839","WIG-PALIWA","SERINUS","SEN"
"840","WIG-PALIWA","SKOTAN","SKT"
"841","WIG-PALIWA","UNIMOT","UNT"
"842","WIG-SPOZYW","AGROTON","AGT"
"843","WIG-SPOZYW","AMBRA","AMB"
"844","WIG-SPOZYW","ASTARTA","AST"
"845","WIG-SPOZYW","ATLANTAPL","ATP"
"846","WIG-SPOZYW","AUGA","AUG"
"847","WIG-SPOZYW","HELIO","HEL"
"848","WIG-SPOZYW","IMCOMPANY","IMC"
"849","WIG-SPOZYW","KERNEL","KER"
"850","WIG-SPOZYW","KRUSZWICA","KSW"
"851","WIG-SPOZYW","KRVITAMIN","KVT"
"852","WIG-SPOZYW","KSGAGRO","KSG"
"853","WIG-SPOZYW","MAKARONPL","MAK"
"854","WIG-SPOZYW","MBWS","MBW"
"855","WIG-SPOZYW","OTMUCHOW","OTM"
"856","WIG-SPOZYW","OVOSTAR","OVO"
"857","WIG-SPOZYW","PAMAPOL","PMP"
"858","WIG-SPOZYW","PEPEES","PPS"
"859","WIG-SPOZYW","SEKO","SEK"
"860","WIG-SPOZYW","WAWEL","WWL"
"861","WIG-GORNIC","BOGDANKA","LWB"
"862","WIG-GORNIC","COALENERG","CLE"
"863","WIG-GORNIC","JSW","JSW"
"864","WIG-GORNIC","KGHM","KGH"
"865","WIG-GORNIC","PRAIRIE","PDZ"
"866","WIG-TELKOM","CYFRPLSAT","CPS"
"867","WIG-TELKOM","NETIA","NET"
"868","WIG-TELKOM","ORANGEPL","OPL"
"869","WIG-TELKOM","PLAY","PLY"
"870","WIG-LEKI","BIOMEDLUB","BML"
"871","WIG-LEKI","BIOTON","BIO"
"872","WIG-LEKI","CLNPHARMA","CLN"
"873","WIG-LEKI","CORMAY","CRM"
"874","WIG-LEKI","KRKA","KRK"
"875","WIG-LEKI","MABION","MAB"
"876","WIG-LEKI","MASTERPHA","MPH"
"877","WIG-LEKI","PHARMENA","PHR"
"878","WIG-LEKI","SOPHARMA","SPH"
"879","WIG-MOTO","ACAUTOGAZ","ACG"
"880","WIG-MOTO","AUTOPARTN","APR"
"881","WIG-MOTO","BAHOLDING","BAH"
"882","WIG-MOTO","DEBICA","DBC"
"883","WIG-MOTO","GROCLIN","GCN"
"884","WIG-MOTO","INTERCARS","CAR"
"885","WIG-MOTO","SANOK","SNK"
"886","WIG-ODZIEZ","CCC","CCC"
"887","WIG-ODZIEZ","CDRL","CDL"
"888","WIG-ODZIEZ","ESOTIQ","EAH"
"889","WIG-ODZIEZ","GLCOSMED","GLC"
"890","WIG-ODZIEZ","HARPER","HRP"
"891","WIG-ODZIEZ","INTERSPPL","IPO"
"892","WIG-ODZIEZ","LPP","LPP"
"893","WIG-ODZIEZ","LUBAWA","LBW"
"894","WIG-ODZIEZ","MIRACULUM","MIR"
"895","WIG-ODZIEZ","MONNARI","MON"
"896","WIG-ODZIEZ","PROTEKTOR","PRT"
"897","WIG-ODZIEZ","SANWIL","SNW"
"898","WIG-ODZIEZ","SILVANO","SFG"
"899","WIG-ODZIEZ","SOLAR","SOL"
"900","WIG-ODZIEZ","VRG","VRG"
"901","WIG-ODZIEZ","WITTCHEN","WTN"
"902","WIG-ODZIEZ","WOJAS","WOJ"
"903","WIG.GAMES","11BIT","11B"
"904","WIG.GAMES","CDPROJEKT","CDR"
"905","WIG.GAMES","CIGAMES","CIG"
"906","WIG.GAMES","PLAYWAY","PLW"
"907","WIG.GAMES","TSGAMES","TEN"
"908","WIGTECH","11BIT","11B"
"909","WIGTECH","AILLERON","ALL"
"910","WIGTECH","ARTIFEX","ART"
"911","WIGTECH","ASSECOBS","ABS"
"912","WIGTECH","ASSECOPOL","ACP"
"913","WIGTECH","ASSECOSEE","ASE"
"914","WIGTECH","ATENDE","ATD"
"915","WIGTECH","BETACOM","BCM"
"916","WIGTECH","BOOMBIT","BBT"
"917","WIGTECH","CDPROJEKT","CDR"
"918","WIGTECH","CIGAMES","CIG"
"919","WIGTECH","COMARCH","CMR"
"920","WIGTECH","COMP","CMP"
"921","WIGTECH","CYFRPLSAT","CPS"
"922","WIGTECH","DATAWALK","DAT"
"923","WIGTECH","ELZAB","ELZ"
"924","WIGTECH","GAMEOPS","GOP"
"925","WIGTECH","GAMFACTOR","GIF"
"926","WIGTECH","IFIRMA","IFI"
"927","WIGTECH","LIVECHAT","LVC"
"928","WIGTECH","LSISOFT","LSI"
"929","WIGTECH","NANOGROUP","NNG"
"930","WIGTECH","NETIA","NET"
"931","WIGTECH","NTTSYSTEM","NTT"
"932","WIGTECH","OAT","OAT"
"933","WIGTECH","OPTEAM","OPM"
"934","WIGTECH","ORANGEPL","OPL"
"935","WIGTECH","PBKM","BKM"
"936","WIGTECH","PGSSOFT","PSW"
"937","WIGTECH","PLAY","PLY"
"938","WIGTECH","PLAYWAY","PLW"
"939","WIGTECH","R22","R22"
"940","WIGTECH","RYVU","RVU"
"941","WIGTECH","SELVITA","SLV"
"942","WIGTECH","SILVAIR-REGS","SVRS"
"943","WIGTECH","SIMPLE","SME"
"944","WIGTECH","SYGNITY","SGN"
"945","WIGTECH","SYNEKTIK","SNT"
"946","WIGTECH","TALEX","TLX"
"947","WIGTECH","TBULL","TBL"
"948","WIGTECH","TSGAMES","TEN"
"949","WIGTECH","ULTGAMES","ULG"
"950","WIGTECH","WASKO","WAS"
"951","WIGTECH","XTPL","XTP"
"952","WIG.MS-BAS","ENEA","ENA"
"953","WIG.MS-BAS","JSW","JSW"
"954","WIG.MS-BAS","KGHM","KGH"
"955","WIG.MS-BAS","PGE","PGE"
"956","WIG.MS-BAS","TAURONPE","TPE"
"957","WIG.MS-FIN","ALIOR","ALR"
"958","WIG.MS-FIN","PEKAO","PEO"
"959","WIG.MS-FIN","PKOBP","PKO"
"960","WIG.MS-FIN","PZU","PZU"
"961","WIG.MS-FIN","SANPL","SPL"
"962","WIG.MS-PET","CIECH","CIE"
"963","WIG.MS-PET","GRUPAAZOTY","ATT"
"964","WIG.MS-PET","LOTOS","LTS"
"965","WIG.MS-PET","PGNIG","PGN"
"966","WIG.MS-PET","PKNORLEN","PKN"
"967","WIG-CEE","AGROLIGA","AGL"
"968","WIG-CEE","AGROTON","AGT"
"969","WIG-CEE","ASTARTA","AST"
"970","WIG-CEE","AUGA","AUG"
"971","WIG-CEE","CEZ","CEZ"
"972","WIG-CEE","CITYSERV","CTS"
"973","WIG-CEE","COALENERG","CLE"
"974","WIG-CEE","EUROHOLD","EHG"
"975","WIG-CEE","IMCOMPANY","IMC"
"976","WIG-CEE","INTERAOLT","IRL"
"977","WIG-CEE","KERNEL","KER"
"978","WIG-CEE","KRKA","KRK"
"979","WIG-CEE","KSGAGRO","KSG"
"980","WIG-CEE","MOL","MOL"
"981","WIG-CEE","NOVATURAS","NTU"
"982","WIG-CEE","OVOSTAR","OVO"
"983","WIG-CEE","PHOTON","PEN"
"984","WIG-CEE","SILVANO","SFG"
"985","WIG-CEE","SOPHARMA","SPH"
"986","WIG-CEE","TATRY","TMR"
"987","WIG-POLAND","06MAGNA","06N"
"988","WIG-POLAND","11BIT","11B"
"989","WIG-POLAND","4FUNMEDIA","4FM"
"990","WIG-POLAND","ABPL","ABE"
"991","WIG-POLAND","ACAUTOGAZ","ACG"
"992","WIG-POLAND","ADIUVO","ADV"
"993","WIG-POLAND","AGORA","AGO"
"994","WIG-POLAND","AIGAMES","ALG"
"995","WIG-POLAND","AILLERON","ALL"
"996","WIG-POLAND","AIRWAY","AWM"
"997","WIG-POLAND","ALIOR","ALR"
"998","WIG-POLAND","ALLEGRO","ALE"
"999","WIG-POLAND","ALTA","AAT"
"1000","WIG-POLAND","ALTUSTFI","ALI"
"1001","WIG-POLAND","ALUMETAL","AML"
"1002","WIG-POLAND","AMBRA","AMB"
"1003","WIG-POLAND","AMICA","AMC"
"1004","WIG-POLAND","AMREST","EAT"
"1005","WIG-POLAND","APATOR","APT"
"1006","WIG-POLAND","APLISENS","APN"
"1007","WIG-POLAND","APSENERGY","APE"
"1008","WIG-POLAND","ARCHICOM","ARH"
"1009","WIG-POLAND","ARCTIC","ATC"
"1010","WIG-POLAND","ARTERIA","ARR"
"1011","WIG-POLAND","ARTIFEX","ART"
"1012","WIG-POLAND","ASMGROUP","ASM"
"1013","WIG-POLAND","ASSECOBS","ABS"
"1014","WIG-POLAND","ASSECOPOL","ACP"
"1015","WIG-POLAND","ASSECOSEE","ASE"
"1016","WIG-POLAND","ATAL","1AT"
"1017","WIG-POLAND","ATENDE","ATD"
"1018","WIG-POLAND","ATLANTAPL","ATP"
"1019","WIG-POLAND","ATLANTIS","ATS"
"1020","WIG-POLAND","ATLASEST","ATL"
"1021","WIG-POLAND","ATMGRUPA","ATG"
"1022","WIG-POLAND","ATREM","ATR"
"1023","WIG-POLAND","AUTOPARTN","APR"
"1024","WIG-POLAND","BAHOLDING","BAH"
"1025","WIG-POLAND","BBIDEV","BBD"
"1026","WIG-POLAND","BEDZIN","BDZ"
"1027","WIG-POLAND","BENEFIT","BFT"
"1028","WIG-POLAND","BETACOM","BCM"
"1029","WIG-POLAND","BIK","BIK"
"1030","WIG-POLAND","BIOMEDLUB","BML"
"1031","WIG-POLAND","BIOTON","BIO"
"1032","WIG-POLAND","BNPPPL","BNP"
"1033","WIG-POLAND","BOGDANKA","LWB"
"1034","WIG-POLAND","BOOMBIT","BBT"
"1035","WIG-POLAND","BORYSZEW","BRS"
"1036","WIG-POLAND","BOS","BOS"
"1037","WIG-POLAND","BOWIM","BOW"
"1038","WIG-POLAND","BUDIMEX","BDX"
"1039","WIG-POLAND","BUMECH","BMC"
"1040","WIG-POLAND","CCC","CCC"
"1041","WIG-POLAND","CDPROJEKT","CDR"
"1042","WIG-POLAND","CDRL","CDL"
"1043","WIG-POLAND","CELTIC","CPD"
"1044","WIG-POLAND","CIECH","CIE"
"1045","WIG-POLAND","CIGAMES","CIG"
"1046","WIG-POLAND","CLNPHARMA","CLN"
"1047","WIG-POLAND","CNT","CNT"
"1048","WIG-POLAND","COGNOR","COG"
"1049","WIG-POLAND","COMARCH","CMR"
"1050","WIG-POLAND","COMP","CMP"
"1051","WIG-POLAND","CORMAY","CRM"
"1052","WIG-POLAND","CPGROUP","CPG"
"1053","WIG-POLAND","CYFRPLSAT","CPS"
"1054","WIG-POLAND","DATAWALK","DAT"
"1055","WIG-POLAND","DEBICA","DBC"
"1056","WIG-POLAND","DECORA","DCR"
"1057","WIG-POLAND","DEKPOL","DEK"
"1058","WIG-POLAND","DELKO","DEL"
"1059","WIG-POLAND","DEVELIA","DVL"
"1060","WIG-POLAND","DINOPL","DNP"
"1061","WIG-POLAND","DOMDEV","DOM"
"1062","WIG-POLAND","ECHO","ECH"
"1063","WIG-POLAND","EDINVEST","EDI"
"1064","WIG-POLAND","EFEKT","EFK"
"1065","WIG-POLAND","EKOEXPORT","EEX"
"1066","WIG-POLAND","ELEKTROTI","ELT"
"1067","WIG-POLAND","ELKOP","EKP"
"1068","WIG-POLAND","ELZAB","ELZ"
"1069","WIG-POLAND","ENAP","ENP"
"1070","WIG-POLAND","ENEA","ENA"
"1071","WIG-POLAND","ENELMED","ENE"
"1072","WIG-POLAND","ENERGA","ENG"
"1073","WIG-POLAND","ENTER","ENT"
"1074","WIG-POLAND","ERBUD","ERB"
"1075","WIG-POLAND","ERG","ERG"
"1076","WIG-POLAND","ESOTIQ","EAH"
"1077","WIG-POLAND","EUCO","EUC"
"1078","WIG-POLAND","EUROCASH","EUR"
"1079","WIG-POLAND","EUROTEL","ETL"
"1080","WIG-POLAND","FAMUR","FMF"
"1081","WIG-POLAND","FASING","FSG"
"1082","WIG-POLAND","FEERUM","FEE"
"1083","WIG-POLAND","FERRO","FRO"
"1084","WIG-POLAND","FERRUM","FER"
"1085","WIG-POLAND","FON","FON"
"1086","WIG-POLAND","FORTE","FTE"
"1087","WIG-POLAND","GAMEOPS","GOP"
"1088","WIG-POLAND","GAMFACTOR","GIF"
"1089","WIG-POLAND","GETIN","GTN"
"1090","WIG-POLAND","GETINOBLE","GNB"
"1091","WIG-POLAND","GLCOSMED","GLC"
"1092","WIG-POLAND","GPW","GPW"
"1093","WIG-POLAND","GROCLIN","GCN"
"1094","WIG-POLAND","GRODNO","GRN"
"1095","WIG-POLAND","GRUPAAZOTY","ATT"
"1096","WIG-POLAND","GTC","GTC"
"1097","WIG-POLAND","HANDLOWY","BHW"
"1098","WIG-POLAND","HARPER","HRP"
"1099","WIG-POLAND","HELIO","HEL"
"1100","WIG-POLAND","HERKULES","HRS"
"1101","WIG-POLAND","HYDROTOR","HDR"
"1102","WIG-POLAND","I2DEV","I2D"
"1103","WIG-POLAND","IDEABANK","IDA"
"1104","WIG-POLAND","IFIRMA","IFI"
"1105","WIG-POLAND","IMMOBILE","GKI"
"1106","WIG-POLAND","IMS","IMS"
"1107","WIG-POLAND","INC","INC"
"1108","WIG-POLAND","INGBSK","ING"
"1109","WIG-POLAND","INPRO","INP"
"1110","WIG-POLAND","INSTALKRK","INK"
"1111","WIG-POLAND","INTERCARS","CAR"
"1112","WIG-POLAND","INTERFERI","INF"
"1113","WIG-POLAND","INTERSPPL","IPO"
"1114","WIG-POLAND","INTROL","INL"
"1115","WIG-POLAND","IPOPEMA","IPE"
"1116","WIG-POLAND","IZOBLOK","IZB"
"1117","WIG-POLAND","IZOSTAL","IZS"
"1118","WIG-POLAND","JSW","JSW"
"1119","WIG-POLAND","K2INTERNT","K2I"
"1120","WIG-POLAND","KCI","KCI"
"1121","WIG-POLAND","KETY","KTY"
"1122","WIG-POLAND","KGHM","KGH"
"1123","WIG-POLAND","KGL","KGL"
"1124","WIG-POLAND","KINOPOL","KPL"
"1125","WIG-POLAND","KOGENERA","KGN"
"1126","WIG-POLAND","KOMPAP","KMP"
"1127","WIG-POLAND","KPPD","KPD"
"1128","WIG-POLAND","KREC","KRC"
"1129","WIG-POLAND","KRUK","KRU"
"1130","WIG-POLAND","KRUSZWICA","KSW"
"1131","WIG-POLAND","KRVITAMIN","KVT"
"1132","WIG-POLAND","LARQ","LRQ"
"1133","WIG-POLAND","LENA","LEN"
"1134","WIG-POLAND","LENTEX","LTX"
"1135","WIG-POLAND","LIBET","LBT"
"1136","WIG-POLAND","LIVECHAT","LVC"
"1137","WIG-POLAND","LOKUM","LKD"
"1138","WIG-POLAND","LOTOS","LTS"
"1139","WIG-POLAND","LPP","LPP"
"1140","WIG-POLAND","LSISOFT","LSI"
"1141","WIG-POLAND","LUBAWA","LBW"
"1142","WIG-POLAND","MABION","MAB"
"1143","WIG-POLAND","MAKARONPL","MAK"
"1144","WIG-POLAND","MANGATA","MGT"
"1145","WIG-POLAND","MARVIPOL","MVP"
"1146","WIG-POLAND","MASTERPHA","MPH"
"1147","WIG-POLAND","MAXCOM","MXC"
"1148","WIG-POLAND","MBANK","MBK"
"1149","WIG-POLAND","MCI","MCI"
"1150","WIG-POLAND","MDIENERGIA","MDI"
"1151","WIG-POLAND","MEDIACAP","MCP"
"1152","WIG-POLAND","MEDICALG","MDG"
"1153","WIG-POLAND","MENNICA","MNC"
"1154","WIG-POLAND","MERCATOR","MRC"
"1155","WIG-POLAND","MERCOR","MCR"
"1156","WIG-POLAND","MEXPOLSKA","MEX"
"1157","WIG-POLAND","MFO","MFO"
"1158","WIG-POLAND","MILLENNIUM","MIL"
"1159","WIG-POLAND","MIRACULUM","MIR"
"1160","WIG-POLAND","MIRBUD","MRB"
"1161","WIG-POLAND","MLPGROUP","MLG"
"1162","WIG-POLAND","MLSYSTEM","MLS"
"1163","WIG-POLAND","MOJ","MOJ"
"1164","WIG-POLAND","MONNARI","MON"
"1165","WIG-POLAND","MOSTALPLC","MSP"
"1166","WIG-POLAND","MOSTALWAR","MSW"
"1167","WIG-POLAND","MOSTALZAB","MSZ"
"1168","WIG-POLAND","MWTRADE","MWT"
"1169","WIG-POLAND","NANOGROUP","NNG"
"1170","WIG-POLAND","NETIA","NET"
"1171","WIG-POLAND","NEUCA","NEU"
"1172","WIG-POLAND","NEWAG","NWG"
"1173","WIG-POLAND","NEXITY","NXG"
"1174","WIG-POLAND","NOVAVISGR","NVG"
"1175","WIG-POLAND","NTTSYSTEM","NTT"
"1176","WIG-POLAND","OAT","OAT"
"1177","WIG-POLAND","ODLEWNIE","ODL"
"1178","WIG-POLAND","OEX","OEX"
"1179","WIG-POLAND","OPONEO.PL","OPN"
"1180","WIG-POLAND","OPTEAM","OPM"
"1181","WIG-POLAND","ORANGEPL","OPL"
"1182","WIG-POLAND","ORZBIALY","OBL"
"1183","WIG-POLAND","OTLOG","OTS"
"1184","WIG-POLAND","OTMUCHOW","OTM"
"1185","WIG-POLAND","PAMAPOL","PMP"
"1186","WIG-POLAND","PANOVA","NVA"
"1187","WIG-POLAND","PATENTUS","PAT"
"1188","WIG-POLAND","PBKM","BKM"
"1189","WIG-POLAND","PCCROKITA","PCR"
"1190","WIG-POLAND","PEKABEX","PBX"
"1191","WIG-POLAND","PEKAO","PEO"
"1192","WIG-POLAND","PEMANAGER","PEM"
"1193","WIG-POLAND","PEP","PEP"
"1194","WIG-POLAND","PEPEES","PPS"
"1195","WIG-POLAND","PGE","PGE"
"1196","WIG-POLAND","PGNIG","PGN"
"1197","WIG-POLAND","PGO","PGO"
"1198","WIG-POLAND","PGSSOFT","PSW"
"1199","WIG-POLAND","PHARMENA","PHR"
"1200","WIG-POLAND","PHN","PHN"
"1201","WIG-POLAND","PKNORLEN","PKN"
"1202","WIG-POLAND","PKOBP","PKO"
"1203","WIG-POLAND","PKPCARGO","PKP"
"1204","WIG-POLAND","PLASTBOX","PLX"
"1205","WIG-POLAND","PLAY","PLY"
"1206","WIG-POLAND","PLAYWAY","PLW"
"1207","WIG-POLAND","PMPG","PGM"
"1208","WIG-POLAND","POLICE","PCE"
"1209","WIG-POLAND","POLIMEXMS","PXM"
"1210","WIG-POLAND","POLWAX","PWX"
"1211","WIG-POLAND","POZBUD","POZ"
"1212","WIG-POLAND","PRAGMAFA","PRF"
"1213","WIG-POLAND","PRAGMAINK","PRI"
"1214","WIG-POLAND","PROCHEM","PRM"
"1215","WIG-POLAND","PROJPRZEM","PJP"
"1216","WIG-POLAND","PROTEKTOR","PRT"
"1217","WIG-POLAND","PUNKPIRAT","PUN"
"1218","WIG-POLAND","PZU","PZU"
"1219","WIG-POLAND","QUERCUS","QRS"
"1220","WIG-POLAND","R22","R22"
"1221","WIG-POLAND","RADPOL","RDL"
"1222","WIG-POLAND","RAFAMET","RAF"
"1223","WIG-POLAND","RAINBOW","RBW"
"1224","WIG-POLAND","RANKPROGR","RNK"
"1225","WIG-POLAND","RAWLPLUG","RWL"
"1226","WIG-POLAND","RELPOL","RLP"
"1227","WIG-POLAND","REMAK","RMK"
"1228","WIG-POLAND","RONSON","RON"
"1229","WIG-POLAND","ROPCZYCE","RPC"
"1230","WIG-POLAND","RYVU","RVU"
"1231","WIG-POLAND","SANOK","SNK"
"1232","WIG-POLAND","SANPL","SPL"
"1233","WIG-POLAND","SANWIL","SNW"
"1234","WIG-POLAND","SECOGROUP","SWG"
"1235","WIG-POLAND","SEKO","SEK"
"1236","WIG-POLAND","SELENAFM","SEL"
"1237","WIG-POLAND","SELVITA","SLV"
"1238","WIG-POLAND","SIMPLE","SME"
"1239","WIG-POLAND","SKARBIEC","SKH"
"1240","WIG-POLAND","SKOTAN","SKT"
"1241","WIG-POLAND","SNIEZKA","SKA"
"1242","WIG-POLAND","SOLAR","SOL"
"1243","WIG-POLAND","SONEL","SON"
"1244","WIG-POLAND","STALEXP","STX"
"1245","WIG-POLAND","STALPROD","STP"
"1246","WIG-POLAND","STALPROFI","STF"
"1247","WIG-POLAND","STAPORKOW","ZUK"
"1248","WIG-POLAND","SUNEX","SNX"
"1249","WIG-POLAND","SUWARY","SUW"
"1250","WIG-POLAND","SWISSMED","SWD"
"1251","WIG-POLAND","SYGNITY","SGN"
"1252","WIG-POLAND","SYNEKTIK","SNT"
"1253","WIG-POLAND","TALEX","TLX"
"1254","WIG-POLAND","TAURONPE","TPE"
"1255","WIG-POLAND","TBULL","TBL"
"1256","WIG-POLAND","TESGAS","TSG"
"1257","WIG-POLAND","TIM","TIM"
"1258","WIG-POLAND","TORPOL","TOR"
"1259","WIG-POLAND","TOWERINVT","TOW"
"1260","WIG-POLAND","TOYA","TOA"
"1261","WIG-POLAND","TRAKCJA","TRK"
"1262","WIG-POLAND","TRANSPOL","TRN"
"1263","WIG-POLAND","TRITON","TRI"
"1264","WIG-POLAND","TSGAMES","TEN"
"1265","WIG-POLAND","ULMA","ULM"
"1266","WIG-POLAND","ULTGAMES","ULG"
"1267","WIG-POLAND","UNIBEP","UNI"
"1268","WIG-POLAND","UNIMOT","UNT"
"1269","WIG-POLAND","VENTUREIN","VTI"
"1270","WIG-POLAND","VIGOSYS","VGO"
"1271","WIG-POLAND","VINDEXUS","VIN"
"1272","WIG-POLAND","VISTAL","VTL"
"1273","WIG-POLAND","VOTUM","VOT"
"1274","WIG-POLAND","VOXEL","VOX"
"1275","WIG-POLAND","VRG","VRG"
"1276","WIG-POLAND","WASKO","WAS"
"1277","WIG-POLAND","WAWEL","WWL"
"1278","WIG-POLAND","WIELTON","WLT"
"1279","WIG-POLAND","WIKANA","WIK"
"1280","WIG-POLAND","WIRTUALNA","WPL"
"1281","WIG-POLAND","WITTCHEN","WTN"
"1282","WIG-POLAND","WOJAS","WOJ"
"1283","WIG-POLAND","WORKSERV","WSE"
"1284","WIG-POLAND","XTB","XTB"
"1285","WIG-POLAND","XTPL","XTP"
"1286","WIG-POLAND","ZAMET","ZMT"
"1287","WIG-POLAND","ZEPAK","ZEP"
"1288","WIG-POLAND","ZPUE","PUE"
"1289","WIG-POLAND","ZREMB","ZRE"
"1290","WIG-POLAND","ZUE","ZUE"
"1291","WIG-UKRAIN","AGROTON","AGT"
"1292","WIG-UKRAIN","ASTARTA","AST"
"1293","WIG-UKRAIN","COALENERG","CLE"
"1294","WIG-UKRAIN","IMCOMPANY","IMC"
"1295","WIG-UKRAIN","KERNEL","KER"
"1296","WIG-UKRAIN","KSGAGRO","KSG"
"1297","WIG-UKRAIN","OVOSTAR","OVO"
